Jahr;Jahr segment;Monat;;Sonnenflecken
1749;1.749.538;7;; 135.9
1749;1.749.623;8;; 137.9
1749;1.749.707;9;; 140.2
1749;1.749.790;10;; 143.8
1749;1.749.874;11;; 146.4
1749;1.749.958;12;; 147.9
1750;1.750.042;1;; 148.4
1750;1.750.123;2;; 150.3
1750;1.750.204;3;; 153.9
1750;1.750.288;4;; 154.3
1750;1.750.371;5;; 147.0
1750;1.750.455;6;; 139.7
1750;1.750.538;7;; 138.8
1750;1.750.623;8;; 136.3
1750;1.750.707;9;; 131.0
1750;1.750.790;10;; 125.7
1750;1.750.874;11;; 121.5
1750;1.750.958;12;; 116.0
1751;1.751.042;1;; 111.3
1751;1.751.123;2;; 106.9
1751;1.751.204;3;;  99.2
1751;1.751.288;4;;  91.6
1751;1.751.371;5;;  86.2
1751;1.751.455;6;;  81.6
1751;1.751.538;7;;  77.0
1751;1.751.623;8;;  75.0
1751;1.751.707;9;;  77.3
1751;1.751.790;10;;  79.2
1751;1.751.874;11;;  79.4
1751;1.751.958;12;;  78.5
1752;1.752.042;1;;  78.6
1752;1.752.124;2;;  77.3
1752;1.752.206;3;;  75.5
1752;1.752.290;4;;  77.3
1752;1.752.373;5;;  79.6
1752;1.752.456;6;;  79.9
1752;1.752.540;7;;  80.3
1752;1.752.624;8;;  79.7
1752;1.752.708;9;;  76.7
1752;1.752.791;10;;  73.4
1752;1.752.874;11;;  70.3
1752;1.752.958;12;;  68.1
1753;1.753.042;1;;  63.6
1753;1.753.123;2;;  60.4
1753;1.753.204;3;;  61.1
1753;1.753.288;4;;  59.7
1753;1.753.371;5;;  57.0
1753;1.753.455;6;;  53.4
1753;1.753.538;7;;  48.1
1753;1.753.623;8;;  43.0
1753;1.753.707;9;;  37.9
1753;1.753.790;10;;  33.2
1753;1.753.874;11;;  30.4
1753;1.753.958;12;;  29.0
1754;1.754.042;1;;  28.5
1754;1.754.123;2;;  26.4
1754;1.754.204;3;;  23.2
1754;1.754.288;4;;  21.7
1754;1.754.371;5;;  21.2
1754;1.754.455;6;;  20.5
1754;1.754.538;7;;  21.1
1754;1.754.623;8;;  22.3
1754;1.754.707;9;;  23.3
1754;1.754.790;10;;  23.1
1754;1.754.874;11;;  21.2
1754;1.754.958;12;;  17.9
1755;1.755.042;1;;  15.3
1755;1.755.123;2;;  14.0
1755;1.755.204;3;;  14.0
1755;1.755.288;4;;  14.7
1755;1.755.371;5;;  14.2
1755;1.755.455;6;;  14.8
1755;1.755.538;7;;  16.1
1755;1.755.623;8;;  16.0
1755;1.755.707;9;;  15.6
1755;1.755.790;10;;  15.7
1755;1.755.874;11;;  16.8
1755;1.755.958;12;;  18.5
1756;1.756.042;1;;  19.1
1756;1.756.124;2;;  19.0
1756;1.756.206;3;;  18.8
1756;1.756.290;4;;  17.7
1756;1.756.373;5;;  17.7
1756;1.756.456;6;;  17.7
1756;1.756.540;7;;  17.1
1756;1.756.624;8;;  18.2
1756;1.756.708;9;;  20.6
1756;1.756.791;10;;  23.5
1756;1.756.874;11;;  26.7
1756;1.756.958;12;;  28.5
1757;1.757.042;1;;  29.9
1757;1.757.123;2;;  34.6
1757;1.757.204;3;;  39.6
1757;1.757.288;4;;  42.8
1757;1.757.371;5;;  47.4
1757;1.757.455;6;;  52.4
1757;1.757.538;7;;  55.7
1757;1.757.623;8;;  59.5
1757;1.757.707;9;;  63.2
1757;1.757.790;10;;  67.7
1757;1.757.874;11;;  71.2
1757;1.757.958;12;;  74.0
1758;1.758.042;1;;  77.6
1758;1.758.123;2;;  78.0
1758;1.758.204;3;;  78.7
1758;1.758.288;4;;  80.7
1758;1.758.371;5;;  79.5
1758;1.758.455;6;;  78.7
1758;1.758.538;7;;  80.1
1758;1.758.623;8;;  80.3
1758;1.758.707;9;;  79.6
1758;1.758.790;10;;  77.6
1758;1.758.874;11;;  76.1
1758;1.758.958;12;;  76.6
1759;1.759.042;1;;  77.4
1759;1.759.123;2;;  80.2
1759;1.759.204;3;;  83.5
1759;1.759.288;4;;  86.0
1759;1.759.371;5;;  87.8
1759;1.759.455;6;;  89.0
1759;1.759.538;7;;  91.3
1759;1.759.623;8;;  93.7
1759;1.759.707;9;;  96.7
1759;1.759.790;10;;  99.4
1759;1.759.874;11;; 101.8
1759;1.759.958;12;; 103.3
1760;1.760.042;1;; 104.2
1760;1.760.124;2;; 105.5
1760;1.760.206;3;; 104.7
1760;1.760.290;4;; 103.0
1760;1.760.373;5;; 103.3
1760;1.760.456;6;; 104.5
1760;1.760.540;7;; 105.0
1760;1.760.624;8;; 107.3
1760;1.760.708;9;; 109.9
1760;1.760.791;10;; 111.3
1760;1.760.874;11;; 114.7
1760;1.760.958;12;; 120.7
1761;1.761.042;1;; 126.1
1761;1.761.123;2;; 129.2
1761;1.761.204;3;; 133.0
1761;1.761.288;4;; 138.4
1761;1.761.371;5;; 143.1
1761;1.761.455;6;; 144.1
1761;1.761.538;7;; 141.3
1761;1.761.623;8;; 138.2
1761;1.761.707;9;; 134.5
1761;1.761.790;10;; 131.3
1761;1.761.874;11;; 125.8
1761;1.761.958;12;; 119.6
1762;1.762.042;1;; 113.8
1762;1.762.123;2;; 108.0
1762;1.762.204;3;; 104.2
1762;1.762.288;4;; 100.6
1762;1.762.371;5;;  98.4
1762;1.762.455;6;;  99.7
1762;1.762.538;7;; 102.8
1762;1.762.623;8;; 100.8
1762;1.762.707;9;;  97.2
1762;1.762.790;10;;  94.5
1762;1.762.874;11;;  92.1
1762;1.762.958;12;;  88.8
1763;1.763.042;1;;  87.3
1763;1.763.123;2;;  85.9
1763;1.763.204;3;;  83.0
1763;1.763.288;4;;  81.3
1763;1.763.371;5;;  78.6
1763;1.763.455;6;;  76.3
1763;1.763.538;7;;  75.4
1763;1.763.623;8;;  77.6
1763;1.763.707;9;;  79.9
1763;1.763.790;10;;  80.4
1763;1.763.874;11;;  81.3
1763;1.763.958;12;;  81.7
1764;1.764.042;1;;  79.7
1764;1.764.124;2;;  78.2
1764;1.764.206;3;;  75.7
1764;1.764.290;4;;  71.7
1764;1.764.373;5;;  68.0
1764;1.764.456;6;;  63.1
1764;1.764.540;7;;  58.1
1764;1.764.624;8;;  53.3
1764;1.764.708;9;;  49.9
1764;1.764.791;10;;  48.0
1764;1.764.874;11;;  45.4
1764;1.764.958;12;;  43.1
1765;1.765.042;1;;  42.2
1765;1.765.123;2;;  41.9
1765;1.765.204;3;;  41.1
1765;1.765.288;4;;  39.2
1765;1.765.371;5;;  37.4
1765;1.765.455;6;;  35.7
1765;1.765.538;7;;  34.0
1765;1.765.623;8;;  32.1
1765;1.765.707;9;;  31.9
1765;1.765.790;10;;  31.6
1765;1.765.874;11;;  30.9
1765;1.765.958;12;;  30.2
1766;1.766.042;1;;  27.4
1766;1.766.123;2;;  24.0
1766;1.766.204;3;;  21.4
1766;1.766.288;4;;  19.9
1766;1.766.371;5;;  18.7
1766;1.766.455;6;;  18.6
1766;1.766.538;7;;  20.1
1766;1.766.623;8;;  22.5
1766;1.766.707;9;;  24.2
1766;1.766.790;10;;  26.6
1766;1.766.874;11;;  28.6
1766;1.766.958;12;;  30.9
1767;1.767.042;1;;  34.3
1767;1.767.123;2;;  38.2
1767;1.767.204;3;;  43.4
1767;1.767.288;4;;  48.8
1767;1.767.371;5;;  54.9
1767;1.767.455;6;;  60.7
1767;1.767.538;7;;  64.9
1767;1.767.623;8;;  69.2
1767;1.767.707;9;;  71.9
1767;1.767.790;10;;  72.8
1767;1.767.874;11;;  76.8
1767;1.767.958;12;;  83.2
1768;1.768.042;1;;  88.4
1768;1.768.124;2;;  92.4
1768;1.768.206;3;;  96.4
1768;1.768.290;4;; 101.0
1768;1.768.373;5;; 105.8
1768;1.768.456;6;; 112.4
1768;1.768.540;7;; 117.8
1768;1.768.624;8;; 119.1
1768;1.768.708;9;; 120.2
1768;1.768.791;10;; 125.2
1768;1.768.874;11;; 128.7
1768;1.768.958;12;; 129.6
1769;1.769.042;1;; 135.4
1769;1.769.123;2;; 143.7
1769;1.769.204;3;; 152.5
1769;1.769.288;4;; 163.2
1769;1.769.371;5;; 172.8
1769;1.769.455;6;; 176.8
1769;1.769.538;7;; 178.9
1769;1.769.623;8;; 186.4
1769;1.769.707;9;; 193.0
1769;1.769.790;10;; 190.9
1769;1.769.874;11;; 187.5
1769;1.769.958;12;; 186.5
1770;1.770.042;1;; 185.1
1770;1.770.123;2;; 184.9
1770;1.770.204;3;; 182.2
1770;1.770.288;4;; 175.3
1770;1.770.371;5;; 170.4
1770;1.770.455;6;; 168.7
1770;1.770.538;7;; 163.3
1770;1.770.623;8;; 151.9
1770;1.770.707;9;; 142.9
1770;1.770.790;10;; 141.5
1770;1.770.874;11;; 148.2
1770;1.770.958;12;; 156.5
1771;1.771.042;1;; 156.1
1771;1.771.123;2;; 148.4
1771;1.771.204;3;; 143.5
1771;1.771.288;4;; 142.3
1771;1.771.371;5;; 139.1
1771;1.771.455;6;; 136.4
1771;1.771.538;7;; 140.5
1771;1.771.623;8;; 148.1
1771;1.771.707;9;; 150.1
1771;1.771.790;10;; 150.9
1771;1.771.874;11;; 144.8
1771;1.771.958;12;; 132.5
1772;1.772.042;1;; 128.9
1772;1.772.124;2;; 129.4
1772;1.772.206;3;; 125.7
1772;1.772.290;4;; 121.4
1772;1.772.373;5;; 117.9
1772;1.772.456;6;; 113.0
1772;1.772.540;7;; 107.6
1772;1.772.624;8;; 100.1
1772;1.772.708;9;;  97.2
1772;1.772.791;10;;  94.5
1772;1.772.874;11;;  90.6
1772;1.772.958;12;;  88.8
1773;1.773.042;1;;  83.4
1773;1.773.123;2;;  76.9
1773;1.773.204;3;;  72.4
1773;1.773.288;4;;  67.3
1773;1.773.371;5;;  62.3
1773;1.773.455;6;;  59.4
1773;1.773.538;7;;  57.4
1773;1.773.623;8;;  59.4
1773;1.773.707;9;;  62.2
1773;1.773.790;10;;  63.3
1773;1.773.874;11;;  64.8
1773;1.773.958;12;;  65.5
1774;1.774.042;1;;  64.8
1774;1.774.123;2;;  63.7
1774;1.774.204;3;;  61.8
1774;1.774.288;4;;  59.4
1774;1.774.371;5;;  56.9
1774;1.774.455;6;;  53.2
1774;1.774.538;7;;  48.1
1774;1.774.623;8;;  40.6
1774;1.774.707;9;;  33.0
1774;1.774.790;10;;  27.7
1774;1.774.874;11;;  22.1
1774;1.774.958;12;;  17.7
1775;1.775.042;1;;  15.4
1775;1.775.123;2;;  14.4
1775;1.775.204;3;;  14.1
1775;1.775.288;4;;  13.2
1775;1.775.371;5;;  12.5
1775;1.775.455;6;;  12.0
1775;1.775.538;7;;  12.9
1775;1.775.623;8;;  14.9
1775;1.775.707;9;;  15.3
1775;1.775.790;10;;  15.7
1775;1.775.874;11;;  16.9
1775;1.775.958;12;;  17.9
1776;1.776.042;1;;  18.4
1776;1.776.124;2;;  19.5
1776;1.776.206;3;;  21.5
1776;1.776.290;4;;  24.1
1776;1.776.373;5;;  27.2
1776;1.776.456;6;;  30.8
1776;1.776.540;7;;  34.7
1776;1.776.624;8;;  38.0
1776;1.776.708;9;;  42.0
1776;1.776.791;10;;  49.4
1776;1.776.874;11;;  59.3
1776;1.776.958;12;;  68.4
1777;1.777.042;1;;  79.2
1777;1.777.123;2;;  91.8
1777;1.777.204;3;; 104.9
1777;1.777.288;4;; 117.1
1777;1.777.371;5;; 130.2
1777;1.777.455;6;; 146.0
1777;1.777.538;7;; 163.4
1777;1.777.623;8;; 177.6
1777;1.777.707;9;; 189.3
1777;1.777.790;10;; 199.3
1777;1.777.874;11;; 213.7
1777;1.777.958;12;; 231.1
1778;1.778.042;1;; 241.4
1778;1.778.123;2;; 247.4
1778;1.778.204;3;; 253.2
1778;1.778.288;4;; 260.5
1778;1.778.371;5;; 264.3
1778;1.778.455;6;; 260.9
1778;1.778.538;7;; 252.9
1778;1.778.623;8;; 252.5
1778;1.778.707;9;; 255.3
1778;1.778.790;10;; 254.2
1778;1.778.874;11;; 247.3
1778;1.778.958;12;; 236.4
1779;1.779.042;1;; 231.7
1779;1.779.123;2;; 229.1
1779;1.779.204;3;; 222.9
1779;1.779.288;4;; 216.5
1779;1.779.371;5;; 211.7
1779;1.779.455;6;; 209.5
1779;1.779.538;7;; 206.8
1779;1.779.623;8;; 199.0
1779;1.779.707;9;; 192.9
1779;1.779.790;10;; 188.0
1779;1.779.874;11;; 182.3
1779;1.779.958;12;; 178.2
1780;1.780.042;1;; 172.5
1780;1.780.124;2;; 166.7
1780;1.780.206;3;; 163.7
1780;1.780.290;4;; 159.2
1780;1.780.373;5;; 152.2
1780;1.780.456;6;; 144.9
1780;1.780.540;7;; 143.3
1780;1.780.624;8;; 143.7
1780;1.780.708;9;; 139.0
1780;1.780.791;10;; 134.0
1780;1.780.874;11;; 131.9
1780;1.780.958;12;; 132.4
1781;1.781.042;1;; 132.2
1781;1.781.123;2;; 130.0
1781;1.781.204;3;; 125.6
1781;1.781.288;4;; 119.2
1781;1.781.371;5;; 116.3
1781;1.781.455;6;; 115.1
1781;1.781.538;7;; 110.4
1781;1.781.623;8;; 104.7
1781;1.781.707;9;; 101.0
1781;1.781.790;10;;  98.0
1781;1.781.874;11;;  92.6
1781;1.781.958;12;;  85.0
1782;1.782.042;1;;  78.3
1782;1.782.123;2;;  74.2
1782;1.782.204;3;;  71.5
1782;1.782.288;4;;  70.0
1782;1.782.371;5;;  67.3
1782;1.782.455;6;;  64.5
1782;1.782.538;7;;  62.3
1782;1.782.623;8;;  60.6
1782;1.782.707;9;;  59.9
1782;1.782.790;10;;  58.3
1782;1.782.874;11;;  55.3
1782;1.782.958;12;;  52.2
1783;1.783.042;1;;  51.0
1783;1.783.123;2;;  49.0
1783;1.783.204;3;;  46.2
1783;1.783.288;4;;  44.1
1783;1.783.371;5;;  41.9
1783;1.783.455;6;;  39.4
1783;1.783.538;7;;  37.0
1783;1.783.623;8;;  33.8
1783;1.783.707;9;;  30.6
1783;1.783.790;10;;  28.2
1783;1.783.874;11;;  25.7
1783;1.783.958;12;;  23.4
1784;1.784.042;1;;  20.5
1784;1.784.124;2;;  18.0
1784;1.784.206;3;;  16.7
1784;1.784.290;4;;  16.2
1784;1.784.373;5;;  16.3
1784;1.784.456;6;;  16.7
1784;1.784.540;7;;  16.5
1784;1.784.624;8;;  16.0
1784;1.784.708;9;;  15.9
1784;1.784.791;10;;  16.2
1784;1.784.874;11;;  17.6
1784;1.784.958;12;;  19.8
1785;1.785.042;1;;  23.1
1785;1.785.123;2;;  25.9
1785;1.785.204;3;;  28.1
1785;1.785.288;4;;  32.4
1785;1.785.371;5;;  36.7
1785;1.785.455;6;;  39.2
1785;1.785.538;7;;  42.3
1785;1.785.623;8;;  47.2
1785;1.785.707;9;;  52.6
1785;1.785.790;10;;  60.1
1785;1.785.874;11;;  69.9
1785;1.785.958;12;;  77.2
1786;1.786.042;1;;  82.7
1786;1.786.123;2;;  90.8
1786;1.786.204;3;; 101.1
1786;1.786.288;4;; 111.2
1786;1.786.371;5;; 121.0
1786;1.786.455;6;; 132.2
1786;1.786.538;7;; 144.9
1786;1.786.623;8;; 155.7
1786;1.786.707;9;; 162.5
1786;1.786.790;10;; 168.2
1786;1.786.874;11;; 174.0
1786;1.786.958;12;; 179.8
1787;1.787.042;1;; 185.7
1787;1.787.123;2;; 192.1
1787;1.787.204;3;; 198.6
1787;1.787.288;4;; 204.9
1787;1.787.371;5;; 209.8
1787;1.787.455;6;; 215.8
1787;1.787.538;7;; 220.3
1787;1.787.623;8;; 222.1
1787;1.787.707;9;; 227.6
1787;1.787.790;10;; 230.2
1787;1.787.874;11;; 227.4
1787;1.787.958;12;; 229.7
1788;1.788.042;1;; 234.4
1788;1.788.124;2;; 235.3
1788;1.788.206;3;; 234.1
1788;1.788.290;4;; 231.9
1788;1.788.373;5;; 227.6
1788;1.788.456;6;; 221.3
1788;1.788.540;7;; 216.5
1788;1.788.624;8;; 214.6
1788;1.788.708;9;; 212.7
1788;1.788.791;10;; 212.1
1788;1.788.874;11;; 213.8
1788;1.788.958;12;; 212.2
1789;1.789.042;1;; 208.1
1789;1.789.123;2;; 204.1
1789;1.789.204;3;; 199.8
1789;1.789.288;4;; 194.2
1789;1.789.371;5;; 193.3
1789;1.789.455;6;; 196.4
1789;1.789.538;7;; 196.1
1789;1.789.623;8;; 195.5
1789;1.789.707;9;; 194.0
1789;1.789.790;10;; 190.3
1789;1.789.874;11;; 186.1
1789;1.789.958;12;; 182.0
1790;1.790.042;1;; 176.7
1790;1.790.123;2;; 172.3
1790;1.790.204;3;; 168.7
1790;1.790.288;4;; 166.0
1790;1.790.371;5;; 162.0
1790;1.790.455;6;; 154.1
1790;1.790.538;7;; 147.7
1790;1.790.623;8;; 141.1
1790;1.790.707;9;; 135.0
1790;1.790.790;10;; 132.2
1790;1.790.874;11;; 129.7
1790;1.790.958;12;; 126.5
1791;1.791.042;1;; 124.8
1791;1.791.123;2;; 121.9
1791;1.791.204;3;; 118.1
1791;1.791.288;4;; 115.7
1791;1.791.371;5;; 113.1
1791;1.791.455;6;; 111.5
1791;1.791.538;7;; 109.9
1791;1.791.623;8;; 109.1
1791;1.791.707;9;; 108.4
1791;1.791.790;10;; 107.6
1791;1.791.874;11;; 106.7
1791;1.791.958;12;; 105.6
1792;1.792.042;1;; 103.7
1792;1.792.124;2;; 103.1
1792;1.792.206;3;; 103.7
1792;1.792.290;4;; 103.0
1792;1.792.373;5;; 102.2
1792;1.792.456;6;; 100.8
1792;1.792.540;7;;  99.9
1792;1.792.624;8;;  99.2
1792;1.792.708;9;;  98.0
1792;1.792.791;10;;  95.9
1792;1.792.874;11;;  93.7
1792;1.792.958;12;;  92.3
1793;1.793.042;1;;  91.9
1793;1.793.123;2;;  90.1
1793;1.793.204;3;;  85.5
1793;1.793.288;4;;  82.2
1793;1.793.371;5;;  80.5
1793;1.793.455;6;;  78.9
1793;1.793.538;7;;  77.4
1793;1.793.623;8;;  75.9
1793;1.793.707;9;;  73.9
1793;1.793.790;10;;  71.0
1793;1.793.874;11;;  69.5
1793;1.793.958;12;;  69.1
1794;1.794.042;1;;  67.8
1794;1.794.123;2;;  67.9
1794;1.794.204;3;;  67.7
1794;1.794.288;4;;  65.6
1794;1.794.371;5;;  65.9
1794;1.794.455;6;;  67.9
1794;1.794.538;7;;  66.7
1794;1.794.623;8;;  64.8
1794;1.794.707;9;;  62.7
1794;1.794.790;10;;  60.3
1794;1.794.874;11;;  57.9
1794;1.794.958;12;;  54.5
1795;1.795.042;1;;  50.8
1795;1.795.123;2;;  47.9
1795;1.795.204;3;;  47.1
1795;1.795.288;4;;  46.6
1795;1.795.371;5;;  43.0
1795;1.795.455;6;;  37.8
1795;1.795.538;7;;  35.5
1795;1.795.623;8;;  34.4
1795;1.795.707;9;;  33.5
1795;1.795.790;10;;  34.6
1795;1.795.874;11;;  34.9
1795;1.795.958;12;;  33.4
1796;1.796.042;1;;  33.7
1796;1.796.124;2;;  33.0
1796;1.796.206;3;;  31.6
1796;1.796.290;4;;  31.4
1796;1.796.373;5;;  29.6
1796;1.796.456;6;;  27.6
1796;1.796.540;7;;  26.2
1796;1.796.624;8;;  24.3
1796;1.796.708;9;;  22.1
1796;1.796.791;10;;  19.4
1796;1.796.874;11;;  16.5
1796;1.796.958;12;;  15.9
1797;1.797.042;1;;  14.6
1797;1.797.123;2;;  13.3
1797;1.797.204;3;;  12.8
1797;1.797.288;4;;  11.6
1797;1.797.371;5;;  11.1
1797;1.797.455;6;;  10.8
1797;1.797.538;7;;   9.8
1797;1.797.623;8;;   8.9
1797;1.797.707;9;;   9.5
1797;1.797.790;10;;   9.9
1797;1.797.874;11;;   9.2
1797;1.797.958;12;;   7.9
1798;1.798.042;1;;   6.8
1798;1.798.123;2;;   6.3
1798;1.798.204;3;;   5.9
1798;1.798.288;4;;   5.3
1798;1.798.371;5;;   5.4
1798;1.798.455;6;;   6.3
1798;1.798.538;7;;   6.7
1798;1.798.623;8;;   7.3
1798;1.798.707;9;;   8.6
1798;1.798.790;10;;   9.7
1798;1.798.874;11;;  10.8
1798;1.798.958;12;;  12.1
1799;1.799.042;1;;  13.0
1799;1.799.123;2;;  12.9
1799;1.799.204;3;;  12.5
1799;1.799.288;4;;  12.6
1799;1.799.371;5;;  12.1
1799;1.799.455;6;;  11.4
1799;1.799.538;7;;  11.6
1799;1.799.623;8;;  11.8
1799;1.799.707;9;;  11.0
1799;1.799.790;10;;   9.9
1799;1.799.874;11;;   9.1
1799;1.799.958;12;;   9.8
1800;1.800.042;1;;  12.0
1800;1.800.123;2;;  14.6
1800;1.800.204;3;;  16.8
1800;1.800.288;4;;  18.1
1800;1.800.371;5;;  19.2
1800;1.800.455;6;;  21.9
1800;1.800.538;7;;  25.5
1800;1.800.623;8;;  28.3
1800;1.800.707;9;;  30.8
1800;1.800.790;10;;  34.0
1800;1.800.874;11;;  38.1
1800;1.800.958;12;;  40.5
1801;1.801.042;1;;  42.0
1801;1.801.123;2;;  44.3
1801;1.801.204;3;;  47.1
1801;1.801.288;4;;  50.1
1801;1.801.371;5;;  53.5
1801;1.801.455;6;;  56.1
1801;1.801.538;7;;  58.1
1801;1.801.623;8;;  60.8
1801;1.801.707;9;;  62.8
1801;1.801.790;10;;  64.3
1801;1.801.874;11;;  65.9
1801;1.801.958;12;;  67.8
1802;1.802.042;1;;  69.7
1802;1.802.123;2;;  71.4
1802;1.802.204;3;;  73.4
1802;1.802.288;4;;  75.1
1802;1.802.371;5;;  75.2
1802;1.802.455;6;;  74.9
1802;1.802.538;7;;  75.2
1802;1.802.623;8;;  75.6
1802;1.802.707;9;;  75.1
1802;1.802.790;10;;  73.1
1802;1.802.874;11;;  72.0
1802;1.802.958;12;;  71.3
1803;1.803.042;1;;  70.6
1803;1.803.123;2;;  69.5
1803;1.803.204;3;;  68.0
1803;1.803.288;4;;  68.6
1803;1.803.371;5;;  70.9
1803;1.803.455;6;;  71.9
1803;1.803.538;7;;  71.4
1803;1.803.623;8;;  70.9
1803;1.803.707;9;;  72.0
1803;1.803.790;10;;  75.1
1803;1.803.874;11;;  76.1
1803;1.803.958;12;;  75.3
1804;1.804.042;1;;  73.9
1804;1.804.124;2;;  73.3
1804;1.804.206;3;;  74.4
1804;1.804.290;4;;  75.5
1804;1.804.373;5;;  76.7
1804;1.804.456;6;;  78.3
1804;1.804.540;7;;  80.2
1804;1.804.624;8;;  81.0
1804;1.804.708;9;;  80.9
1804;1.804.791;10;;  80.3
1804;1.804.874;11;;  79.8
1804;1.804.958;12;;  80.5
1805;1.805.042;1;;  81.5
1805;1.805.123;2;;  82.0
1805;1.805.204;3;;  81.4
1805;1.805.288;4;;  78.5
1805;1.805.371;5;;  74.8
1805;1.805.455;6;;  71.9
1805;1.805.538;7;;  68.9
1805;1.805.623;8;;  66.3
1805;1.805.707;9;;  64.0
1805;1.805.790;10;;  62.1
1805;1.805.874;11;;  60.5
1805;1.805.958;12;;  58.6
1806;1.806.042;1;;  57.0
1806;1.806.123;2;;  55.4
1806;1.806.204;3;;  52.8
1806;1.806.288;4;;  51.2
1806;1.806.371;5;;  49.9
1806;1.806.455;6;;  47.8
1806;1.806.538;7;;  45.0
1806;1.806.623;8;;  41.9
1806;1.806.707;9;;  39.1
1806;1.806.790;10;;  37.2
1806;1.806.874;11;;  35.8
1806;1.806.958;12;;  33.7
1807;1.807.042;1;;  31.6
1807;1.807.123;2;;  29.4
1807;1.807.204;3;;  27.1
1807;1.807.288;4;;  24.5
1807;1.807.371;5;;  21.6
1807;1.807.455;6;;  18.4
1807;1.807.538;7;;  15.9
1807;1.807.623;8;;  14.6
1807;1.807.707;9;;  13.4
1807;1.807.790;10;;  11.9
1807;1.807.874;11;;  11.3
1807;1.807.958;12;;  11.7
1808;1.808.042;1;;  11.4
1808;1.808.124;2;;  10.7
1808;1.808.206;3;;  10.8
1808;1.808.290;4;;  11.0
1808;1.808.373;5;;  11.3
1808;1.808.456;6;;  12.7
1808;1.808.540;7;;  14.1
1808;1.808.624;8;;  14.9
1808;1.808.708;9;;  15.3
1808;1.808.791;10;;  14.7
1808;1.808.874;11;;  13.2
1808;1.808.958;12;;  12.0
1809;1.809.042;1;;  11.1
1809;1.809.123;2;;  10.1
1809;1.809.204;3;;   8.8
1809;1.809.288;4;;   7.7
1809;1.809.371;5;;   6.7
1809;1.809.455;6;;   5.1
1809;1.809.538;7;;   3.7
1809;1.809.623;8;;   2.6
1809;1.809.707;9;;   1.9
1809;1.809.790;10;;   1.6
1809;1.809.874;11;;   1.3
1809;1.809.958;12;;   0.7
1810;1.810.042;1;;   0.1
1810;1.810.123;2;;   0.1
1810;1.810.204;3;;   0.0
1810;1.810.288;4;;   0.0
1810;1.810.371;5;;   0.0
1810;1.810.455;6;;   0.0
1810;1.810.538;7;;   0.0
1810;1.810.623;8;;   0.0
1810;1.810.707;9;;   0.0
1810;1.810.790;10;;   0.0
1810;1.810.874;11;;   0.0
1810;1.810.958;12;;   0.0
1811;1.811.042;1;;   0.5
1811;1.811.123;2;;   0.9
1811;1.811.204;3;;   1.1
1811;1.811.288;4;;   1.7
1811;1.811.371;5;;   2.2
1811;1.811.455;6;;   2.3
1811;1.811.538;7;;   3.1
1811;1.811.623;8;;   4.1
1811;1.811.707;9;;   4.2
1811;1.811.790;10;;   4.3
1811;1.811.874;11;;   4.4
1811;1.811.958;12;;   4.5
1812;1.812.042;1;;   4.2
1812;1.812.124;2;;   4.9
1812;1.812.206;3;;   6.1
1812;1.812.290;4;;   6.2
1812;1.812.373;5;;   6.5
1812;1.812.456;6;;   7.6
1812;1.812.540;7;;   7.5
1812;1.812.624;8;;   7.3
1812;1.812.708;9;;   7.9
1812;1.812.791;10;;   9.2
1812;1.812.874;11;;  10.6
1812;1.812.958;12;;  11.6
1813;1.813.042;1;;  13.6
1813;1.813.123;2;;  14.3
1813;1.813.204;3;;  14.5
1813;1.813.288;4;;  16.9
1813;1.813.371;5;;  19.1
1813;1.813.455;6;;  20.0
1813;1.813.538;7;;  21.9
1813;1.813.623;8;;  23.5
1813;1.813.707;9;;  23.9
1813;1.813.790;10;;  24.7
1813;1.813.874;11;;  25.2
1813;1.813.958;12;;  25.5
1814;1.814.042;1;;  25.7
1814;1.814.123;2;;  25.3
1814;1.814.204;3;;  24.4
1814;1.814.288;4;;  23.3
1814;1.814.371;5;;  22.6
1814;1.814.455;6;;  22.8
1814;1.814.538;7;;  23.0
1814;1.814.623;8;;  24.2
1814;1.814.707;9;;  27.0
1814;1.814.790;10;;  29.0
1814;1.814.874;11;;  29.8
1814;1.814.958;12;;  33.0
1815;1.815.042;1;;  37.0
1815;1.815.123;2;;  41.3
1815;1.815.204;3;;  46.0
1815;1.815.288;4;;  48.6
1815;1.815.371;5;;  51.2
1815;1.815.455;6;;  55.9
1815;1.815.538;7;;  59.5
1815;1.815.623;8;;  62.5
1815;1.815.707;9;;  68.4
1815;1.815.790;10;;  73.6
1815;1.815.874;11;;  77.8
1815;1.815.958;12;;  79.4
1816;1.816.042;1;;  78.8
1816;1.816.124;2;;  77.3
1816;1.816.206;3;;  76.8
1816;1.816.290;4;;  79.5
1816;1.816.373;5;;  81.2
1816;1.816.456;6;;  78.8
1816;1.816.540;7;;  77.1
1816;1.816.624;8;;  77.0
1816;1.816.708;9;;  77.8
1816;1.816.791;10;;  77.1
1816;1.816.874;11;;  73.3
1816;1.816.958;12;;  71.4
1817;1.817.042;1;;  71.9
1817;1.817.123;2;;  74.2
1817;1.817.204;3;;  75.0
1817;1.817.288;4;;  72.1
1817;1.817.371;5;;  69.3
1817;1.817.455;6;;  68.5
1817;1.817.538;7;;  68.3
1817;1.817.623;8;;  65.8
1817;1.817.707;9;;  58.4
1817;1.817.790;10;;  54.0
1817;1.817.874;11;;  56.8
1817;1.817.958;12;;  58.8
1818;1.818.042;1;;  57.0
1818;1.818.123;2;;  54.6
1818;1.818.204;3;;  52.9
1818;1.818.288;4;;  52.6
1818;1.818.371;5;;  51.7
1818;1.818.455;6;;  50.3
1818;1.818.538;7;;  50.0
1818;1.818.623;8;;  49.7
1818;1.818.707;9;;  48.1
1818;1.818.790;10;;  45.6
1818;1.818.874;11;;  42.3
1818;1.818.958;12;;  39.9
1819;1.819.042;1;;  40.0
1819;1.819.123;2;;  39.9
1819;1.819.204;3;;  38.7
1819;1.819.288;4;;  37.6
1819;1.819.371;5;;  38.3
1819;1.819.455;6;;  39.6
1819;1.819.538;7;;  39.0
1819;1.819.623;8;;  38.5
1819;1.819.707;9;;  38.9
1819;1.819.790;10;;  38.9
1819;1.819.874;11;;  39.6
1819;1.819.958;12;;  38.6
1820;1.820.042;1;;  36.1
1820;1.820.124;2;;  35.3
1820;1.820.206;3;;  34.6
1820;1.820.290;4;;  32.7
1820;1.820.373;5;;  30.2
1820;1.820.456;6;;  27.5
1820;1.820.540;7;;  26.2
1820;1.820.624;8;;  24.8
1820;1.820.708;9;;  23.3
1820;1.820.791;10;;  22.7
1820;1.820.874;11;;  20.0
1820;1.820.958;12;;  17.5
1821;1.821.042;1;;  15.6
1821;1.821.123;2;;  12.9
1821;1.821.204;3;;  11.4
1821;1.821.288;4;;  12.0
1821;1.821.371;5;;  12.5
1821;1.821.455;6;;  11.6
1821;1.821.538;7;;   9.5
1821;1.821.623;8;;   7.8
1821;1.821.707;9;;   8.3
1821;1.821.790;10;;   9.3
1821;1.821.874;11;;   9.5
1821;1.821.958;12;;   9.8
1822;1.822.042;1;;  10.4
1822;1.822.123;2;;  10.6
1822;1.822.204;3;;  10.1
1822;1.822.288;4;;   8.5
1822;1.822.371;5;;   6.9
1822;1.822.455;6;;   6.6
1822;1.822.538;7;;   6.6
1822;1.822.623;8;;   6.5
1822;1.822.707;9;;   5.4
1822;1.822.790;10;;   3.4
1822;1.822.874;11;;   2.4
1822;1.822.958;12;;   1.9
1823;1.823.042;1;;   1.0
1823;1.823.123;2;;   0.3
1823;1.823.204;3;;   0.2
1823;1.823.288;4;;   0.2
1823;1.823.371;5;;   0.2
1823;1.823.455;6;;   1.6
1823;1.823.538;7;;   4.5
1823;1.823.623;8;;   6.7
1823;1.823.707;9;;   7.4
1823;1.823.790;10;;   8.7
1823;1.823.874;11;;  10.3
1823;1.823.958;12;;  10.5
1824;1.824.042;1;;  10.4
1824;1.824.124;2;;  10.5
1824;1.824.206;3;;  12.0
1824;1.824.290;4;;  15.2
1824;1.824.373;5;;  17.0
1824;1.824.456;6;;  15.6
1824;1.824.540;7;;  13.1
1824;1.824.624;8;;  12.3
1824;1.824.708;9;;  14.2
1824;1.824.791;10;;  14.6
1824;1.824.874;11;;  14.4
1824;1.824.958;12;;  16.4
1825;1.825.042;1;;  19.6
1825;1.825.123;2;;  23.4
1825;1.825.204;3;;  24.8
1825;1.825.288;4;;  23.8
1825;1.825.371;5;;  23.9
1825;1.825.455;6;;  26.2
1825;1.825.538;7;;  28.6
1825;1.825.623;8;;  29.6
1825;1.825.707;9;;  30.8
1825;1.825.790;10;;  33.2
1825;1.825.874;11;;  35.8
1825;1.825.958;12;;  38.4
1826;1.826.042;1;;  41.4
1826;1.826.123;2;;  43.9
1826;1.826.204;3;;  45.1
1826;1.826.288;4;;  47.8
1826;1.826.371;5;;  52.1
1826;1.826.455;6;;  57.2
1826;1.826.538;7;;  61.6
1826;1.826.623;8;;  64.8
1826;1.826.707;9;;  68.3
1826;1.826.790;10;;  71.3
1826;1.826.874;11;;  74.5
1826;1.826.958;12;;  77.5
1827;1.827.042;1;;  78.2
1827;1.827.123;2;;  78.5
1827;1.827.204;3;;  81.6
1827;1.827.288;4;;  84.1
1827;1.827.371;5;;  85.0
1827;1.827.455;6;;  84.1
1827;1.827.538;7;;  83.8
1827;1.827.623;8;;  86.3
1827;1.827.707;9;;  88.0
1827;1.827.790;10;;  89.5
1827;1.827.874;11;;  92.9
1827;1.827.958;12;;  98.0
1828;1.828.042;1;; 101.7
1828;1.828.124;2;; 104.1
1828;1.828.206;3;; 105.8
1828;1.828.290;4;; 105.7
1828;1.828.373;5;; 106.2
1828;1.828.456;6;; 106.9
1828;1.828.540;7;; 106.3
1828;1.828.624;8;; 104.6
1828;1.828.708;9;; 104.0
1828;1.828.791;10;; 106.9
1828;1.828.874;11;; 107.7
1828;1.828.958;12;; 104.5
1829;1.829.042;1;; 105.4
1829;1.829.123;2;; 108.0
1829;1.829.204;3;; 108.3
1829;1.829.288;4;; 108.6
1829;1.829.371;5;; 109.5
1829;1.829.455;6;; 110.9
1829;1.829.538;7;; 112.3
1829;1.829.623;8;; 114.5
1829;1.829.707;9;; 116.9
1829;1.829.790;10;; 118.5
1829;1.829.874;11;; 119.2
1829;1.829.958;12;; 118.6
1830;1.830.042;1;; 114.7
1830;1.830.123;2;; 109.5
1830;1.830.204;3;; 108.3
1830;1.830.288;4;; 110.9
1830;1.830.371;5;; 113.7
1830;1.830.455;6;; 116.4
1830;1.830.538;7;; 117.9
1830;1.830.623;8;; 116.0
1830;1.830.707;9;; 115.1
1830;1.830.790;10;; 112.1
1830;1.830.874;11;; 106.6
1830;1.830.958;12;; 102.4
1831;1.831.042;1;; 100.3
1831;1.831.123;2;; 100.7
1831;1.831.204;3;;  99.3
1831;1.831.288;4;;  95.0
1831;1.831.371;5;;  89.7
1831;1.831.455;6;;  83.4
1831;1.831.538;7;;  78.6
1831;1.831.623;8;;  77.8
1831;1.831.707;9;;  75.5
1831;1.831.790;10;;  70.9
1831;1.831.874;11;;  69.2
1831;1.831.958;12;;  69.0
1832;1.832.042;1;;  66.4
1832;1.832.124;2;;  61.0
1832;1.832.206;3;;  55.7
1832;1.832.290;4;;  51.9
1832;1.832.373;5;;  48.1
1832;1.832.456;6;;  46.0
1832;1.832.540;7;;  44.5
1832;1.832.624;8;;  40.3
1832;1.832.708;9;;  34.5
1832;1.832.791;10;;  29.8
1832;1.832.874;11;;  26.2
1832;1.832.958;12;;  22.4
1833;1.833.042;1;;  20.1
1833;1.833.123;2;;  19.4
1833;1.833.204;3;;  19.5
1833;1.833.288;4;;  18.7
1833;1.833.371;5;;  17.2
1833;1.833.455;6;;  15.4
1833;1.833.538;7;;  13.8
1833;1.833.623;8;;  13.5
1833;1.833.707;9;;  13.2
1833;1.833.790;10;;  12.6
1833;1.833.874;11;;  12.2
1833;1.833.958;12;;  12.4
1834;1.834.042;1;;  13.0
1834;1.834.123;2;;  13.0
1834;1.834.204;3;;  12.9
1834;1.834.288;4;;  14.1
1834;1.834.371;5;;  17.0
1834;1.834.455;6;;  20.4
1834;1.834.538;7;;  22.3
1834;1.834.623;8;;  22.9
1834;1.834.707;9;;  24.4
1834;1.834.790;10;;  29.7
1834;1.834.874;11;;  36.2
1834;1.834.958;12;;  40.4
1835;1.835.042;1;;  45.7
1835;1.835.123;2;;  53.1
1835;1.835.204;3;;  63.1
1835;1.835.288;4;;  74.2
1835;1.835.371;5;;  83.9
1835;1.835.455;6;;  91.7
1835;1.835.538;7;; 100.4
1835;1.835.623;8;; 111.8
1835;1.835.707;9;; 123.0
1835;1.835.790;10;; 134.1
1835;1.835.874;11;; 144.5
1835;1.835.958;12;; 155.6
1836;1.836.042;1;; 165.9
1836;1.836.124;2;; 173.2
1836;1.836.206;3;; 176.2
1836;1.836.290;4;; 178.7
1836;1.836.373;5;; 183.1
1836;1.836.456;6;; 193.5
1836;1.836.540;7;; 209.3
1836;1.836.624;8;; 221.0
1836;1.836.708;9;; 228.2
1836;1.836.791;10;; 230.4
1836;1.836.874;11;; 230.1
1836;1.836.958;12;; 232.4
1837;1.837.042;1;; 237.9
1837;1.837.123;2;; 243.0
1837;1.837.204;3;; 244.9
1837;1.837.288;4;; 244.0
1837;1.837.371;5;; 242.1
1837;1.837.455;6;; 235.8
1837;1.837.538;7;; 227.5
1837;1.837.623;8;; 218.2
1837;1.837.707;9;; 212.3
1837;1.837.790;10;; 211.9
1837;1.837.874;11;; 212.9
1837;1.837.958;12;; 210.3
1838;1.838.042;1;; 202.1
1838;1.838.123;2;; 194.5
1838;1.838.204;3;; 189.1
1838;1.838.288;4;; 185.3
1838;1.838.371;5;; 180.9
1838;1.838.455;6;; 175.4
1838;1.838.538;7;; 169.2
1838;1.838.623;8;; 167.7
1838;1.838.707;9;; 164.6
1838;1.838.790;10;; 155.7
1838;1.838.874;11;; 145.4
1838;1.838.958;12;; 136.8
1839;1.839.042;1;; 132.4
1839;1.839.123;2;; 134.4
1839;1.839.204;3;; 142.1
1839;1.839.288;4;; 146.2
1839;1.839.371;5;; 145.6
1839;1.839.455;6;; 143.9
1839;1.839.538;7;; 141.1
1839;1.839.623;8;; 138.4
1839;1.839.707;9;; 136.7
1839;1.839.790;10;; 136.3
1839;1.839.874;11;; 137.6
1839;1.839.958;12;; 138.3
1840;1.840.042;1;; 136.2
1840;1.840.124;2;; 129.4
1840;1.840.206;3;; 120.2
1840;1.840.290;4;; 113.6
1840;1.840.373;5;; 110.1
1840;1.840.456;6;; 108.4
1840;1.840.540;7;; 103.8
1840;1.840.624;8;;  95.8
1840;1.840.708;9;;  89.1
1840;1.840.791;10;;  84.7
1840;1.840.874;11;;  82.8
1840;1.840.958;12;;  83.2
1841;1.841.042;1;;  81.6
1841;1.841.123;2;;  78.2
1841;1.841.204;3;;  74.4
1841;1.841.288;4;;  69.9
1841;1.841.371;5;;  65.7
1841;1.841.455;6;;  62.2
1841;1.841.538;7;;  61.0
1841;1.841.623;8;;  60.2
1841;1.841.707;9;;  59.0
1841;1.841.790;10;;  57.6
1841;1.841.874;11;;  53.7
1841;1.841.958;12;;  48.3
1842;1.842.042;1;;  44.6
1842;1.842.123;2;;  42.4
1842;1.842.204;3;;  40.3
1842;1.842.288;4;;  39.7
1842;1.842.371;5;;  41.8
1842;1.842.455;6;;  41.8
1842;1.842.538;7;;  39.8
1842;1.842.623;8;;  38.0
1842;1.842.707;9;;  35.8
1842;1.842.790;10;;  33.7
1842;1.842.874;11;;  32.2
1842;1.842.958;12;;  31.3
1843;1.843.042;1;;  30.4
1843;1.843.123;2;;  29.1
1843;1.843.204;3;;  27.1
1843;1.843.288;4;;  23.8
1843;1.843.371;5;;  20.1
1843;1.843.455;6;;  18.2
1843;1.843.538;7;;  17.6
1843;1.843.623;8;;  18.1
1843;1.843.707;9;;  19.3
1843;1.843.790;10;;  20.4
1843;1.843.874;11;;  20.5
1843;1.843.958;12;;  19.4
1844;1.844.042;1;;  19.7
1844;1.844.124;2;;  21.4
1844;1.844.206;3;;  22.4
1844;1.844.290;4;;  23.7
1844;1.844.373;5;;  24.3
1844;1.844.456;6;;  24.3
1844;1.844.540;7;;  26.0
1844;1.844.624;8;;  29.2
1844;1.844.708;9;;  33.3
1844;1.844.791;10;;  37.9
1844;1.844.874;11;;  42.9
1844;1.844.958;12;;  47.3
1845;1.845.042;1;;  49.9
1845;1.845.123;2;;  51.1
1845;1.845.204;3;;  53.3
1845;1.845.288;4;;  56.2
1845;1.845.371;5;;  59.5
1845;1.845.455;6;;  64.1
1845;1.845.538;7;;  67.7
1845;1.845.623;8;;  69.1
1845;1.845.707;9;;  71.0
1845;1.845.790;10;;  73.3
1845;1.845.874;11;;  75.0
1845;1.845.958;12;;  78.2
1846;1.846.042;1;;  81.7
1846;1.846.123;2;;  84.4
1846;1.846.204;3;;  91.3
1846;1.846.288;4;;  97.8
1846;1.846.371;5;; 100.3
1846;1.846.455;6;; 102.1
1846;1.846.538;7;; 104.2
1846;1.846.623;8;; 105.4
1846;1.846.707;9;; 106.5
1846;1.846.790;10;; 106.3
1846;1.846.874;11;; 105.7
1846;1.846.958;12;; 108.2
1847;1.847.042;1;; 110.0
1847;1.847.123;2;; 116.4
1847;1.847.204;3;; 126.1
1847;1.847.288;4;; 138.4
1847;1.847.371;5;; 152.5
1847;1.847.455;6;; 161.0
1847;1.847.538;7;; 170.8
1847;1.847.623;8;; 182.1
1847;1.847.707;9;; 188.4
1847;1.847.790;10;; 194.3
1847;1.847.874;11;; 200.5
1847;1.847.958;12;; 205.4
1848;1.848.042;1;; 214.5
1848;1.848.124;2;; 219.9
1848;1.848.206;3;; 215.2
1848;1.848.290;4;; 207.6
1848;1.848.373;5;; 202.6
1848;1.848.456;6;; 204.4
1848;1.848.540;7;; 209.2
1848;1.848.624;8;; 213.3
1848;1.848.708;9;; 216.0
1848;1.848.791;10;; 216.7
1848;1.848.874;11;; 216.7
1848;1.848.958;12;; 213.4
1849;1.849.042;1;; 207.4
1849;1.849.123;2;; 200.1
1849;1.849.204;3;; 196.7
1849;1.849.288;4;; 193.6
1849;1.849.371;5;; 189.9
1849;1.849.455;6;; 186.4
1849;1.849.538;7;; 176.8
1849;1.849.623;8;; 167.2
1849;1.849.707;9;; 162.7
1849;1.849.790;10;; 157.0
1849;1.849.874;11;; 150.9
1849;1.849.958;12;; 148.5
1850;1.850.042;1;; 144.6
1850;1.850.123;2;; 141.0
1850;1.850.204;3;; 139.9
1850;1.850.288;4;; 139.3
1850;1.850.371;5;; 135.7
1850;1.850.455;6;; 129.4
1850;1.850.538;7;; 126.3
1850;1.850.623;8;; 127.4
1850;1.850.707;9;; 127.3
1850;1.850.790;10;; 126.8
1850;1.850.874;11;; 127.9
1850;1.850.958;12;; 127.4
1851;1.851.042;1;; 126.6
1851;1.851.123;2;; 126.1
1851;1.851.204;3;; 124.3
1851;1.851.288;4;; 122.2
1851;1.851.371;5;; 121.2
1851;1.851.455;6;; 121.7
1851;1.851.538;7;; 121.9
1851;1.851.623;8;; 118.3
1851;1.851.707;9;; 114.9
1851;1.851.790;10;; 115.4
1851;1.851.874;11;; 115.5
1851;1.851.958;12;; 113.6
1852;1.852.042;1;; 112.8
1852;1.852.124;2;; 111.8
1852;1.852.206;3;; 108.0
1852;1.852.290;4;; 106.0
1852;1.852.373;5;; 106.6
1852;1.852.456;6;; 104.8
1852;1.852.540;7;; 100.6
1852;1.852.624;8;;  96.6
1852;1.852.708;9;;  92.9
1852;1.852.791;10;;  89.6
1852;1.852.874;11;;  86.6
1852;1.852.958;12;;  84.5
1853;1.853.042;1;;  84.2
1853;1.853.123;2;;  85.4
1853;1.853.204;3;;  85.9
1853;1.853.288;4;;  83.6
1853;1.853.371;5;;  79.6
1853;1.853.455;6;;  75.9
1853;1.853.538;7;;  72.1
1853;1.853.623;8;;  68.3
1853;1.853.707;9;;  65.1
1853;1.853.790;10;;  62.1
1853;1.853.874;11;;  59.6
1853;1.853.958;12;;  57.3
1854;1.854.042;1;;  53.6
1854;1.854.123;2;;  48.7
1854;1.854.204;3;;  45.1
1854;1.854.288;4;;  41.9
1854;1.854.371;5;;  39.5
1854;1.854.455;6;;  39.3
1854;1.854.538;7;;  38.9
1854;1.854.623;8;;  38.0
1854;1.854.707;9;;  37.0
1854;1.854.790;10;;  35.0
1854;1.854.874;11;;  32.1
1854;1.854.958;12;;  29.6
1855;1.855.042;1;;  26.9
1855;1.855.123;2;;  24.5
1855;1.855.204;3;;  21.7
1855;1.855.288;4;;  19.7
1855;1.855.371;5;;  17.5
1855;1.855.455;6;;  14.2
1855;1.855.538;7;;  11.8
1855;1.855.623;8;;  10.3
1855;1.855.707;9;;   8.5
1855;1.855.790;10;;   7.3
1855;1.855.874;11;;   6.7
1855;1.855.958;12;;   6.0
1856;1.856.042;1;;   6.3
1856;1.856.124;2;;   6.9
1856;1.856.206;3;;   7.5
1856;1.856.290;4;;   7.4
1856;1.856.373;5;;   7.3
1856;1.856.456;6;;   7.9
1856;1.856.540;7;;   9.3
1856;1.856.624;8;;  10.5
1856;1.856.708;9;;  11.1
1856;1.856.791;10;;  11.8
1856;1.856.874;11;;  14.5
1856;1.856.958;12;;  17.6
1857;1.857.042;1;;  19.8
1857;1.857.123;2;;  22.1
1857;1.857.204;3;;  26.0
1857;1.857.288;4;;  31.8
1857;1.857.371;5;;  36.6
1857;1.857.455;6;;  40.8
1857;1.857.538;7;;  45.2
1857;1.857.623;8;;  49.4
1857;1.857.707;9;;  55.7
1857;1.857.790;10;;  62.0
1857;1.857.874;11;;  65.1
1857;1.857.958;12;;  68.4
1858;1.858.042;1;;  73.4
1858;1.858.123;2;;  79.1
1858;1.858.204;3;;  85.2
1858;1.858.288;4;;  92.2
1858;1.858.371;5;;  97.8
1858;1.858.455;6;; 101.8
1858;1.858.538;7;; 107.6
1858;1.858.623;8;; 115.3
1858;1.858.707;9;; 122.1
1858;1.858.790;10;; 128.5
1858;1.858.874;11;; 136.1
1858;1.858.958;12;; 143.4
1859;1.859.042;1;; 149.8
1859;1.859.123;2;; 157.0
1859;1.859.204;3;; 163.1
1859;1.859.288;4;; 167.0
1859;1.859.371;5;; 172.4
1859;1.859.455;6;; 177.1
1859;1.859.538;7;; 178.1
1859;1.859.623;8;; 178.1
1859;1.859.707;9;; 178.8
1859;1.859.790;10;; 178.4
1859;1.859.874;11;; 178.5
1859;1.859.958;12;; 181.5
1860;1.860.042;1;; 185.0
1860;1.860.124;2;; 186.2
1860;1.860.206;3;; 184.6
1860;1.860.290;4;; 181.5
1860;1.860.373;5;; 179.7
1860;1.860.456;6;; 180.9
1860;1.860.540;7;; 180.4
1860;1.860.624;8;; 178.0
1860;1.860.708;9;; 177.3
1860;1.860.791;10;; 179.6
1860;1.860.874;11;; 177.8
1860;1.860.958;12;; 172.2
1861;1.861.042;1;; 167.5
1861;1.861.123;2;; 163.0
1861;1.861.204;3;; 160.6
1861;1.861.288;4;; 157.9
1861;1.861.371;5;; 152.6
1861;1.861.455;6;; 147.8
1861;1.861.538;7;; 146.7
1861;1.861.623;8;; 145.7
1861;1.861.707;9;; 140.1
1861;1.861.790;10;; 132.0
1861;1.861.874;11;; 129.1
1861;1.861.958;12;; 129.4
1862;1.862.042;1;; 128.7
1862;1.862.123;2;; 126.7
1862;1.862.204;3;; 124.1
1862;1.862.288;4;; 121.0
1862;1.862.371;5;; 118.8
1862;1.862.455;6;; 115.4
1862;1.862.538;7;; 111.1
1862;1.862.623;8;; 109.3
1862;1.862.707;9;; 110.5
1862;1.862.790;10;; 111.3
1862;1.862.874;11;; 109.4
1862;1.862.958;12;; 105.1
1863;1.863.042;1;;  98.5
1863;1.863.123;2;;  94.1
1863;1.863.204;3;;  89.4
1863;1.863.288;4;;  85.7
1863;1.863.371;5;;  84.5
1863;1.863.455;6;;  83.5
1863;1.863.538;7;;  84.3
1863;1.863.623;8;;  84.3
1863;1.863.707;9;;  83.5
1863;1.863.790;10;;  83.1
1863;1.863.874;11;;  81.7
1863;1.863.958;12;;  82.0
1864;1.864.042;1;;  85.1
1864;1.864.124;2;;  87.4
1864;1.864.206;3;;  88.5
1864;1.864.290;4;;  88.5
1864;1.864.373;5;;  89.6
1864;1.864.456;6;;  90.2
1864;1.864.540;7;;  88.5
1864;1.864.624;8;;  87.1
1864;1.864.708;9;;  84.4
1864;1.864.791;10;;  81.8
1864;1.864.874;11;;  80.8
1864;1.864.958;12;;  78.4
1865;1.865.042;1;;  74.3
1865;1.865.123;2;;  70.7
1865;1.865.204;3;;  68.8
1865;1.865.288;4;;  66.9
1865;1.865.371;5;;  63.0
1865;1.865.455;6;;  59.1
1865;1.865.538;7;;  56.5
1865;1.865.623;8;;  55.1
1865;1.865.707;9;;  53.8
1865;1.865.790;10;;  51.7
1865;1.865.874;11;;  49.1
1865;1.865.958;12;;  46.0
1866;1.866.042;1;;  43.3
1866;1.866.123;2;;  39.9
1866;1.866.204;3;;  36.8
1866;1.866.288;4;;  35.4
1866;1.866.371;5;;  34.0
1866;1.866.455;6;;  31.9
1866;1.866.538;7;;  28.5
1866;1.866.623;8;;  23.0
1866;1.866.707;9;;  18.8
1866;1.866.790;10;;  16.6
1866;1.866.874;11;;  14.8
1866;1.866.958;12;;  12.8
1867;1.867.042;1;;  11.3
1867;1.867.123;2;;  10.3
1867;1.867.204;3;;   9.9
1867;1.867.288;4;;  10.0
1867;1.867.371;5;;  10.0
1867;1.867.455;6;;  11.9
1867;1.867.538;7;;  14.9
1867;1.867.623;8;;  17.0
1867;1.867.707;9;;  19.1
1867;1.867.790;10;;  22.4
1867;1.867.874;11;;  26.2
1867;1.867.958;12;;  29.8
1868;1.868.042;1;;  33.5
1868;1.868.124;2;;  37.1
1868;1.868.206;3;;  41.6
1868;1.868.290;4;;  47.3
1868;1.868.373;5;;  53.9
1868;1.868.456;6;;  60.0
1868;1.868.540;7;;  65.8
1868;1.868.624;8;;  72.1
1868;1.868.708;9;;  77.0
1868;1.868.791;10;;  79.1
1868;1.868.874;11;;  84.8
1868;1.868.958;12;;  95.5
1869;1.869.042;1;; 103.0
1869;1.869.123;2;; 108.2
1869;1.869.204;3;; 113.7
1869;1.869.288;4;; 115.9
1869;1.869.371;5;; 117.0
1869;1.869.455;6;; 120.9
1869;1.869.538;7;; 124.6
1869;1.869.623;8;; 129.5
1869;1.869.707;9;; 140.7
1869;1.869.790;10;; 156.2
1869;1.869.874;11;; 169.5
1869;1.869.958;12;; 176.4
1870;1.870.042;1;; 183.4
1870;1.870.123;2;; 193.6
1870;1.870.204;3;; 202.6
1870;1.870.288;4;; 212.5
1870;1.870.371;5;; 223.4
1870;1.870.455;6;; 230.0
1870;1.870.538;7;; 232.5
1870;1.870.623;8;; 234.0
1870;1.870.707;9;; 233.7
1870;1.870.790;10;; 232.9
1870;1.870.874;11;; 231.0
1870;1.870.958;12;; 225.8
1871;1.871.042;1;; 220.7
1871;1.871.123;2;; 215.6
1871;1.871.204;3;; 208.7
1871;1.871.288;4;; 200.8
1871;1.871.371;5;; 193.9
1871;1.871.455;6;; 188.2
1871;1.871.538;7;; 184.9
1871;1.871.623;8;; 183.9
1871;1.871.707;9;; 179.7
1871;1.871.790;10;; 171.8
1871;1.871.874;11;; 164.9
1871;1.871.958;12;; 163.6
1872;1.872.042;1;; 165.0
1872;1.872.124;2;; 164.0
1872;1.872.206;3;; 165.2
1872;1.872.290;4;; 168.5
1872;1.872.373;5;; 169.9
1872;1.872.456;6;; 169.9
1872;1.872.540;7;; 170.0
1872;1.872.624;8;; 169.6
1872;1.872.708;9;; 169.3
1872;1.872.791;10;; 168.2
1872;1.872.874;11;; 162.3
1872;1.872.958;12;; 153.6
1873;1.873.042;1;; 146.4
1873;1.873.123;2;; 142.0
1873;1.873.204;3;; 135.6
1873;1.873.288;4;; 127.1
1873;1.873.371;5;; 119.3
1873;1.873.455;6;; 112.9
1873;1.873.538;7;; 108.7
1873;1.873.623;8;; 103.9
1873;1.873.707;9;;  97.4
1873;1.873.790;10;;  90.7
1873;1.873.874;11;;  87.4
1873;1.873.958;12;;  86.7
1874;1.874.042;1;;  86.3
1874;1.874.123;2;;  85.9
1874;1.874.204;3;;  84.1
1874;1.874.288;4;;  81.9
1874;1.874.371;5;;  79.2
1874;1.874.455;6;;  75.9
1874;1.874.538;7;;  71.3
1874;1.874.623;8;;  65.2
1874;1.874.707;9;;  61.3
1874;1.874.790;10;;  60.2
1874;1.874.874;11;;  57.7
1874;1.874.958;12;;  54.4
1875;1.875.042;1;;  49.6
1875;1.875.123;2;;  42.5
1875;1.875.204;3;;  37.5
1875;1.875.288;4;;  34.2
1875;1.875.371;5;;  31.9
1875;1.875.455;6;;  29.8
1875;1.875.538;7;;  28.4
1875;1.875.623;8;;  27.9
1875;1.875.707;9;;  27.3
1875;1.875.790;10;;  25.2
1875;1.875.874;11;;  22.9
1875;1.875.958;12;;  20.9
1876;1.876.042;1;;  19.5
1876;1.876.124;2;;  19.3
1876;1.876.206;3;;  19.4
1876;1.876.290;4;;  20.1
1876;1.876.373;5;;  19.6
1876;1.876.456;6;;  19.0
1876;1.876.540;7;;  19.5
1876;1.876.624;8;;  19.8
1876;1.876.708;9;;  18.1
1876;1.876.791;10;;  17.7
1876;1.876.874;11;;  19.8
1876;1.876.958;12;;  21.8
1877;1.877.042;1;;  22.0
1877;1.877.123;2;;  21.2
1877;1.877.204;3;;  21.5
1877;1.877.288;4;;  21.4
1877;1.877.371;5;;  21.2
1877;1.877.455;6;;  21.1
1877;1.877.538;7;;  19.2
1877;1.877.623;8;;  17.6
1877;1.877.707;9;;  17.2
1877;1.877.790;10;;  15.8
1877;1.877.874;11;;  13.6
1877;1.877.958;12;;  12.0
1878;1.878.042;1;;  11.0
1878;1.878.123;2;;  10.2
1878;1.878.204;3;;   8.9
1878;1.878.288;4;;   7.8
1878;1.878.371;5;;   6.7
1878;1.878.455;6;;   5.9
1878;1.878.538;7;;   5.6
1878;1.878.623;8;;   5.0
1878;1.878.707;9;;   4.0
1878;1.878.790;10;;   3.9
1878;1.878.874;11;;   4.1
1878;1.878.958;12;;   3.7
1879;1.879.042;1;;   4.1
1879;1.879.123;2;;   5.4
1879;1.879.204;3;;   6.2
1879;1.879.288;4;;   7.0
1879;1.879.371;5;;   8.4
1879;1.879.455;6;;   9.5
1879;1.879.538;7;;  11.6
1879;1.879.623;8;;  15.1
1879;1.879.707;9;;  18.3
1879;1.879.790;10;;  20.5
1879;1.879.874;11;;  22.9
1879;1.879.958;12;;  26.4
1880;1.880.042;1;;  29.4
1880;1.880.124;2;;  33.0
1880;1.880.206;3;;  39.8
1880;1.880.290;4;;  46.1
1880;1.880.373;5;;  49.4
1880;1.880.456;6;;  52.2
1880;1.880.540;7;;  54.6
1880;1.880.624;8;;  57.3
1880;1.880.708;9;;  61.3
1880;1.880.791;10;;  65.8
1880;1.880.874;11;;  69.4
1880;1.880.958;12;;  72.6
1881;1.881.042;1;;  78.3
1881;1.881.123;2;;  82.8
1881;1.881.204;3;;  82.6
1881;1.881.288;4;;  83.2
1881;1.881.371;5;;  86.4
1881;1.881.455;6;;  89.3
1881;1.881.538;7;;  91.1
1881;1.881.623;8;;  92.8
1881;1.881.707;9;;  95.1
1881;1.881.790;10;;  99.2
1881;1.881.874;11;; 103.7
1881;1.881.958;12;; 104.1
1882;1.882.042;1;; 100.8
1882;1.882.123;2;;  97.4
1882;1.882.204;3;;  96.5
1882;1.882.288;4;;  96.4
1882;1.882.371;5;;  98.1
1882;1.882.455;6;;  99.8
1882;1.882.538;7;; 100.5
1882;1.882.623;8;; 100.0
1882;1.882.707;9;;  96.7
1882;1.882.790;10;;  94.1
1882;1.882.874;11;;  90.9
1882;1.882.958;12;;  90.8
1883;1.883.042;1;;  95.4
1883;1.883.123;2;;  98.2
1883;1.883.204;3;;  98.2
1883;1.883.288;4;;  99.6
1883;1.883.371;5;; 101.3
1883;1.883.455;6;; 103.7
1883;1.883.538;7;; 108.2
1883;1.883.623;8;; 113.1
1883;1.883.707;9;; 119.0
1883;1.883.790;10;; 121.7
1883;1.883.874;11;; 123.7
1883;1.883.958;12;; 124.4
1884;1.884.042;1;; 120.8
1884;1.884.124;2;; 119.5
1884;1.884.206;3;; 120.9
1884;1.884.290;4;; 119.0
1884;1.884.373;5;; 113.2
1884;1.884.456;6;; 107.8
1884;1.884.540;7;; 102.5
1884;1.884.624;8;;  98.0
1884;1.884.708;9;;  94.4
1884;1.884.791;10;;  90.3
1884;1.884.874;11;;  89.3
1884;1.884.958;12;;  92.0
1885;1.885.042;1;;  95.1
1885;1.885.123;2;;  95.7
1885;1.885.204;3;;  93.7
1885;1.885.288;4;;  91.6
1885;1.885.371;5;;  90.5
1885;1.885.455;6;;  88.4
1885;1.885.538;7;;  85.7
1885;1.885.623;8;;  81.6
1885;1.885.707;9;;  79.0
1885;1.885.790;10;;  78.7
1885;1.885.874;11;;  75.0
1885;1.885.958;12;;  68.2
1886;1.886.042;1;;  61.7
1886;1.886.123;2;;  56.9
1886;1.886.204;3;;  53.3
1886;1.886.288;4;;  50.0
1886;1.886.371;5;;  45.7
1886;1.886.455;6;;  43.0
1886;1.886.538;7;;  41.0
1886;1.886.623;8;;  38.8
1886;1.886.707;9;;  34.2
1886;1.886.790;10;;  28.0
1886;1.886.874;11;;  24.7
1886;1.886.958;12;;  23.1
1887;1.887.042;1;;  21.9
1887;1.887.123;2;;  21.7
1887;1.887.204;3;;  21.0
1887;1.887.288;4;;  19.9
1887;1.887.371;5;;  20.2
1887;1.887.455;6;;  21.2
1887;1.887.538;7;;  21.9
1887;1.887.623;8;;  21.7
1887;1.887.707;9;;  21.5
1887;1.887.790;10;;  21.6
1887;1.887.874;11;;  20.6
1887;1.887.958;12;;  19.1
1888;1.888.042;1;;  17.1
1888;1.888.124;2;;  14.4
1888;1.888.206;3;;  13.2
1888;1.888.290;4;;  13.0
1888;1.888.373;5;;  12.9
1888;1.888.456;6;;  12.2
1888;1.888.540;7;;  10.4
1888;1.888.624;8;;   9.7
1888;1.888.708;9;;   9.7
1888;1.888.791;10;;   9.5
1888;1.888.874;11;;   9.2
1888;1.888.958;12;;   8.8
1889;1.889.042;1;;   9.2
1889;1.889.123;2;;  10.9
1889;1.889.204;3;;  12.0
1889;1.889.288;4;;  11.8
1889;1.889.371;5;;  11.1
1889;1.889.455;6;;  10.4
1889;1.889.538;7;;  10.7
1889;1.889.623;8;;  10.5
1889;1.889.707;9;;   9.8
1889;1.889.790;10;;   9.5
1889;1.889.874;11;;   9.5
1889;1.889.958;12;;   9.3
1890;1.890.042;1;;   9.1
1890;1.890.123;2;;   8.4
1890;1.890.204;3;;   8.3
1890;1.890.288;4;;   9.7
1890;1.890.371;5;;  10.9
1890;1.890.455;6;;  11.7
1890;1.890.538;7;;  12.3
1890;1.890.623;8;;  14.4
1890;1.890.707;9;;  16.2
1890;1.890.790;10;;  17.9
1890;1.890.874;11;;  21.7
1890;1.890.958;12;;  27.5
1891;1.891.042;1;;  34.1
1891;1.891.123;2;;  39.0
1891;1.891.204;3;;  43.3
1891;1.891.288;4;;  48.7
1891;1.891.371;5;;  53.7
1891;1.891.455;6;;  57.7
1891;1.891.538;7;;  63.2
1891;1.891.623;8;;  70.8
1891;1.891.707;9;;  77.3
1891;1.891.790;10;;  83.5
1891;1.891.874;11;;  89.5
1891;1.891.958;12;;  94.2
1892;1.892.042;1;;  97.4
1892;1.892.124;2;; 103.3
1892;1.892.206;3;; 108.7
1892;1.892.290;4;; 110.6
1892;1.892.373;5;; 113.6
1892;1.892.456;6;; 118.4
1892;1.892.540;7;; 122.0
1892;1.892.624;8;; 122.2
1892;1.892.708;9;; 123.1
1892;1.892.791;10;; 125.5
1892;1.892.874;11;; 127.2
1892;1.892.958;12;; 128.5
1893;1.893.042;1;; 130.2
1893;1.893.123;2;; 133.0
1893;1.893.204;3;; 136.0
1893;1.893.288;4;; 137.7
1893;1.893.371;5;; 139.0
1893;1.893.455;6;; 140.8
1893;1.893.538;7;; 142.4
1893;1.893.623;8;; 143.8
1893;1.893.707;9;; 143.6
1893;1.893.790;10;; 142.3
1893;1.893.874;11;; 142.9
1893;1.893.958;12;; 144.7
1894;1.894.042;1;; 146.5
1894;1.894.123;2;; 143.7
1894;1.894.204;3;; 138.7
1894;1.894.288;4;; 137.6
1894;1.894.371;5;; 136.0
1894;1.894.455;6;; 132.4
1894;1.894.538;7;; 128.6
1894;1.894.623;8;; 126.0
1894;1.894.707;9;; 125.4
1894;1.894.790;10;; 125.7
1894;1.894.874;11;; 123.0
1894;1.894.958;12;; 118.8
1895;1.895.042;1;; 112.8
1895;1.895.123;2;; 108.7
1895;1.895.204;3;; 108.0
1895;1.895.288;4;; 106.9
1895;1.895.371;5;; 105.8
1895;1.895.455;6;; 105.9
1895;1.895.538;7;; 104.2
1895;1.895.623;8;; 101.2
1895;1.895.707;9;;  99.9
1895;1.895.790;10;;  96.9
1895;1.895.874;11;;  91.9
1895;1.895.958;12;;  87.5
1896;1.896.042;1;;  85.8
1896;1.896.124;2;;  82.7
1896;1.896.206;3;;  80.1
1896;1.896.290;4;;  77.6
1896;1.896.373;5;;  74.2
1896;1.896.456;6;;  71.7
1896;1.896.540;7;;  70.5
1896;1.896.624;8;;  69.4
1896;1.896.708;9;;  65.8
1896;1.896.791;10;;  63.4
1896;1.896.874;11;;  62.0
1896;1.896.958;12;;  58.8
1897;1.897.042;1;;  55.0
1897;1.897.123;2;;  53.4
1897;1.897.204;3;;  52.1
1897;1.897.288;4;;  50.2
1897;1.897.371;5;;  47.1
1897;1.897.455;6;;  44.4
1897;1.897.538;7;;  43.1
1897;1.897.623;8;;  42.8
1897;1.897.707;9;;  44.0
1897;1.897.790;10;;  43.5
1897;1.897.874;11;;  42.7
1897;1.897.958;12;;  43.9
1898;1.898.042;1;;  43.3
1898;1.898.123;2;;  42.7
1898;1.898.204;3;;  42.4
1898;1.898.288;4;;  42.9
1898;1.898.371;5;;  45.8
1898;1.898.455;6;;  46.0
1898;1.898.538;7;;  43.8
1898;1.898.623;8;;  41.2
1898;1.898.707;9;;  37.9
1898;1.898.790;10;;  36.4
1898;1.898.874;11;;  35.2
1898;1.898.958;12;;  33.8
1899;1.899.042;1;;  34.0
1899;1.899.123;2;;  32.3
1899;1.899.204;3;;  28.5
1899;1.899.288;4;;  25.2
1899;1.899.371;5;;  22.1
1899;1.899.455;6;;  20.3
1899;1.899.538;7;;  19.5
1899;1.899.623;8;;  19.1
1899;1.899.707;9;;  18.8
1899;1.899.790;10;;  18.2
1899;1.899.874;11;;  18.9
1899;1.899.958;12;;  18.8
1900;1.900.042;1;;  17.9
1900;1.900.123;2;;  17.6
1900;1.900.204;3;;  17.7
1900;1.900.288;4;;  17.7
1900;1.900.371;5;;  17.5
1900;1.900.455;6;;  16.5
1900;1.900.538;7;;  15.2
1900;1.900.623;8;;  13.7
1900;1.900.707;9;;  12.7
1900;1.900.790;10;;  11.3
1900;1.900.874;11;;   9.8
1900;1.900.958;12;;   9.0
1901;1.901.042;1;;   8.1
1901;1.901.123;2;;   7.3
1901;1.901.204;3;;   6.5
1901;1.901.288;4;;   5.4
1901;1.901.371;5;;   4.7
1901;1.901.455;6;;   4.6
1901;1.901.538;7;;   5.0
1901;1.901.623;8;;   5.2
1901;1.901.707;9;;   5.5
1901;1.901.790;10;;   6.1
1901;1.901.874;11;;   5.6
1901;1.901.958;12;;   4.8
1902;1.902.042;1;;   4.5
1902;1.902.123;2;;   4.6
1902;1.902.204;3;;   5.2
1902;1.902.288;4;;   6.5
1902;1.902.371;5;;   7.8
1902;1.902.455;6;;   8.4
1902;1.902.538;7;;   8.6
1902;1.902.623;8;;  10.0
1902;1.902.707;9;;  11.3
1902;1.902.790;10;;  13.1
1902;1.902.874;11;;  15.8
1902;1.902.958;12;;  17.6
1903;1.903.042;1;;  20.5
1903;1.903.123;2;;  24.2
1903;1.903.204;3;;  26.3
1903;1.903.288;4;;  28.1
1903;1.903.371;5;;  32.1
1903;1.903.455;6;;  37.6
1903;1.903.538;7;;  42.3
1903;1.903.623;8;;  44.4
1903;1.903.707;9;;  46.6
1903;1.903.790;10;;  49.4
1903;1.903.874;11;;  52.3
1903;1.903.958;12;;  55.8
1904;1.904.042;1;;  59.1
1904;1.904.124;2;;  62.7
1904;1.904.206;3;;  66.1
1904;1.904.290;4;;  68.5
1904;1.904.373;5;;  69.1
1904;1.904.456;6;;  69.3
1904;1.904.540;7;;  71.5
1904;1.904.624;8;;  77.4
1904;1.904.708;9;;  83.0
1904;1.904.791;10;;  84.1
1904;1.904.874;11;;  84.4
1904;1.904.958;12;;  85.5
1905;1.905.042;1;;  87.6
1905;1.905.123;2;;  89.1
1905;1.905.204;3;;  90.9
1905;1.905.288;4;;  94.4
1905;1.905.371;5;; 100.9
1905;1.905.455;6;; 105.7
1905;1.905.538;7;; 105.1
1905;1.905.623;8;; 100.7
1905;1.905.707;9;;  97.5
1905;1.905.790;10;;  99.1
1905;1.905.874;11;; 100.9
1905;1.905.958;12;; 102.6
1906;1.906.042;1;; 105.7
1906;1.906.123;2;; 107.1
1906;1.906.204;3;; 106.4
1906;1.906.288;4;; 102.2
1906;1.906.371;5;;  93.2
1906;1.906.455;6;;  89.1
1906;1.906.538;7;;  91.9
1906;1.906.623;8;;  99.4
1906;1.906.707;9;; 104.5
1906;1.906.790;10;; 104.0
1906;1.906.874;11;; 102.8
1906;1.906.958;12;; 100.2
1907;1.907.042;1;;  94.9
1907;1.907.123;2;;  91.6
1907;1.907.204;3;;  94.0
1907;1.907.288;4;;  99.4
1907;1.907.371;5;; 104.2
1907;1.907.455;6;; 104.6
1907;1.907.538;7;; 100.8
1907;1.907.623;8;;  93.1
1907;1.907.707;9;;  85.7
1907;1.907.790;10;;  83.8
1907;1.907.874;11;;  84.0
1907;1.907.958;12;;  84.4
1908;1.908.042;1;;  84.3
1908;1.908.124;2;;  86.1
1908;1.908.206;3;;  88.7
1908;1.908.290;4;;  86.6
1908;1.908.373;5;;  83.1
1908;1.908.456;6;;  81.5
1908;1.908.540;7;;  82.2
1908;1.908.624;8;;  84.3
1908;1.908.708;9;;  87.8
1908;1.908.791;10;;  88.6
1908;1.908.874;11;;  86.5
1908;1.908.958;12;;  84.4
1909;1.909.042;1;;  82.4
1909;1.909.123;2;;  77.4
1909;1.909.204;3;;  69.4
1909;1.909.288;4;;  67.9
1909;1.909.371;5;;  70.4
1909;1.909.455;6;;  72.1
1909;1.909.538;7;;  71.0
1909;1.909.623;8;;  67.9
1909;1.909.707;9;;  63.7
1909;1.909.790;10;;  58.9
1909;1.909.874;11;;  56.3
1909;1.909.958;12;;  54.6
1910;1.910.042;1;;  52.4
1910;1.910.123;2;;  50.1
1910;1.910.204;3;;  48.4
1910;1.910.288;4;;  46.2
1910;1.910.371;5;;  41.2
1910;1.910.455;6;;  34.4
1910;1.910.538;7;;  29.4
1910;1.910.623;8;;  26.2
1910;1.910.707;9;;  23.7
1910;1.910.790;10;;  23.3
1910;1.910.874;11;;  23.0
1910;1.910.958;12;;  21.4
1911;1.911.042;1;;  20.0
1911;1.911.123;2;;  18.7
1911;1.911.204;3;;  16.6
1911;1.911.288;4;;  12.6
1911;1.911.371;5;;  10.1
1911;1.911.455;6;;   9.8
1911;1.911.538;7;;   9.3
1911;1.911.623;8;;   8.5
1911;1.911.707;9;;   7.7
1911;1.911.790;10;;   6.6
1911;1.911.874;11;;   5.5
1911;1.911.958;12;;   5.3
1912;1.912.042;1;;   5.4
1912;1.912.124;2;;   5.1
1912;1.912.206;3;;   5.2
1912;1.912.290;4;;   5.7
1912;1.912.373;5;;   5.6
1912;1.912.456;6;;   5.7
1912;1.912.540;7;;   6.1
1912;1.912.624;8;;   6.5
1912;1.912.708;9;;   6.4
1912;1.912.791;10;;   5.8
1912;1.912.874;11;;   5.2
1912;1.912.958;12;;   4.7
1913;1.913.042;1;;   4.3
1913;1.913.123;2;;   4.2
1913;1.913.204;3;;   3.6
1913;1.913.288;4;;   2.9
1913;1.913.371;5;;   2.8
1913;1.913.455;6;;   2.6
1913;1.913.538;7;;   2.5
1913;1.913.623;8;;   2.5
1913;1.913.707;9;;   2.6
1913;1.913.790;10;;   4.0
1913;1.913.874;11;;   5.5
1913;1.913.958;12;;   6.6
1914;1.914.042;1;;   7.7
1914;1.914.123;2;;   8.5
1914;1.914.204;3;;   9.8
1914;1.914.288;4;;  10.9
1914;1.914.371;5;;  12.4
1914;1.914.455;6;;  14.8
1914;1.914.538;7;;  17.5
1914;1.914.623;8;;  21.6
1914;1.914.707;9;;  26.8
1914;1.914.790;10;;  31.0
1914;1.914.874;11;;  34.6
1914;1.914.958;12;;  40.5
1915;1.915.042;1;;  49.1
1915;1.915.123;2;;  58.0
1915;1.915.204;3;;  64.8
1915;1.915.288;4;;  70.5
1915;1.915.371;5;;  75.5
1915;1.915.455;6;;  78.1
1915;1.915.538;7;;  80.5
1915;1.915.623;8;;  83.0
1915;1.915.707;9;;  85.8
1915;1.915.790;10;;  89.9
1915;1.915.874;11;;  94.9
1915;1.915.958;12;;  97.7
1916;1.916.042;1;;  96.4
1916;1.916.124;2;;  92.7
1916;1.916.206;3;;  90.0
1916;1.916.290;4;;  89.5
1916;1.916.373;5;;  91.0
1916;1.916.456;6;;  93.9
1916;1.916.540;7;;  97.2
1916;1.916.624;8;; 100.4
1916;1.916.708;9;; 103.4
1916;1.916.791;10;; 105.6
1916;1.916.874;11;; 108.5
1916;1.916.958;12;; 114.6
1917;1.917.042;1;; 122.4
1917;1.917.123;2;; 135.3
1917;1.917.204;3;; 149.5
1917;1.917.288;4;; 156.8
1917;1.917.371;5;; 160.4
1917;1.917.455;6;; 167.9
1917;1.917.538;7;; 174.7
1917;1.917.623;8;; 175.7
1917;1.917.707;9;; 173.6
1917;1.917.790;10;; 172.5
1917;1.917.874;11;; 170.3
1917;1.917.958;12;; 163.8
1918;1.918.042;1;; 159.1
1918;1.918.123;2;; 154.6
1918;1.918.204;3;; 147.5
1918;1.918.288;4;; 145.0
1918;1.918.371;5;; 145.0
1918;1.918.455;6;; 139.2
1918;1.918.538;7;; 131.0
1918;1.918.623;8;; 128.6
1918;1.918.707;9;; 129.2
1918;1.918.790;10;; 126.9
1918;1.918.874;11;; 125.7
1918;1.918.958;12;; 130.0
1919;1.919.042;1;; 130.6
1919;1.919.123;2;; 125.4
1919;1.919.204;3;; 121.4
1919;1.919.288;4;; 117.4
1919;1.919.371;5;; 112.3
1919;1.919.455;6;; 107.7
1919;1.919.538;7;; 106.2
1919;1.919.623;8;; 104.6
1919;1.919.707;9;; 103.1
1919;1.919.790;10;; 100.8
1919;1.919.874;11;;  94.4
1919;1.919.958;12;;  85.6
1920;1.920.042;1;;  78.0
1920;1.920.124;2;;  71.9
1920;1.920.206;3;;  67.2
1920;1.920.290;4;;  65.7
1920;1.920.373;5;;  64.4
1920;1.920.456;6;;  63.1
1920;1.920.540;7;;  61.3
1920;1.920.624;8;;  58.2
1920;1.920.708;9;;  53.4
1920;1.920.791;10;;  51.6
1920;1.920.874;11;;  52.1
1920;1.920.958;12;;  51.0
1921;1.921.042;1;;  51.6
1921;1.921.123;2;;  52.9
1921;1.921.204;3;;  51.8
1921;1.921.288;4;;  48.3
1921;1.921.371;5;;  45.5
1921;1.921.455;6;;  44.2
1921;1.921.538;7;;  42.2
1921;1.921.623;8;;  40.7
1921;1.921.707;9;;  42.5
1921;1.921.790;10;;  42.9
1921;1.921.874;11;;  40.5
1921;1.921.958;12;;  37.6
1922;1.922.042;1;;  33.5
1922;1.922.123;2;;  30.2
1922;1.922.204;3;;  28.2
1922;1.922.288;4;;  26.4
1922;1.922.371;5;;  24.9
1922;1.922.455;6;;  24.0
1922;1.922.538;7;;  23.2
1922;1.922.623;8;;  21.0
1922;1.922.707;9;;  15.7
1922;1.922.790;10;;  11.8
1922;1.922.874;11;;  11.1
1922;1.922.958;12;;  11.0
1923;1.923.042;1;;  10.7
1923;1.923.123;2;;   9.8
1923;1.923.204;3;;  10.0
1923;1.923.288;4;;  10.9
1923;1.923.371;5;;  11.5
1923;1.923.455;6;;  10.7
1923;1.923.538;7;;   9.4
1923;1.923.623;8;;   9.4
1923;1.923.707;9;;   9.5
1923;1.923.790;10;;   9.8
1923;1.923.874;11;;  11.3
1923;1.923.958;12;;  13.6
1924;1.924.042;1;;  16.3
1924;1.924.124;2;;  19.3
1924;1.924.206;3;;  21.5
1924;1.924.290;4;;  23.3
1924;1.924.373;5;;  25.1
1924;1.924.456;6;;  26.9
1924;1.924.540;7;;  28.2
1924;1.924.624;8;;  29.8
1924;1.924.708;9;;  32.2
1924;1.924.791;10;;  34.7
1924;1.924.874;11;;  37.7
1924;1.924.958;12;;  40.8
1925;1.925.042;1;;  43.2
1925;1.925.123;2;;  45.2
1925;1.925.204;3;;  48.9
1925;1.925.288;4;;  54.4
1925;1.925.371;5;;  59.9
1925;1.925.455;6;;  68.2
1925;1.925.538;7;;  78.5
1925;1.925.623;8;;  86.3
1925;1.925.707;9;;  92.6
1925;1.925.790;10;;  96.2
1925;1.925.874;11;;  98.2
1925;1.925.958;12;; 101.4
1926;1.926.042;1;; 104.2
1926;1.926.123;2;; 106.8
1926;1.926.204;3;; 108.5
1926;1.926.288;4;; 108.7
1926;1.926.371;5;; 109.0
1926;1.926.455;6;; 107.8
1926;1.926.538;7;; 107.2
1926;1.926.623;8;; 109.4
1926;1.926.707;9;; 111.6
1926;1.926.790;10;; 115.9
1926;1.926.874;11;; 120.7
1926;1.926.958;12;; 120.8
1927;1.927.042;1;; 120.0
1927;1.927.123;2;; 119.6
1927;1.927.204;3;; 119.6
1927;1.927.288;4;; 119.5
1927;1.927.371;5;; 119.4
1927;1.927.455;6;; 117.5
1927;1.927.538;7;; 115.2
1927;1.927.623;8;; 114.0
1927;1.927.707;9;; 113.7
1927;1.927.790;10;; 113.9
1927;1.927.874;11;; 112.9
1927;1.927.958;12;; 115.0
1928;1.928.042;1;; 120.2
1928;1.928.124;2;; 125.3
1928;1.928.206;3;; 128.9
1928;1.928.290;4;; 130.2
1928;1.928.373;5;; 128.9
1928;1.928.456;6;; 128.7
1928;1.928.540;7;; 128.7
1928;1.928.624;8;; 126.9
1928;1.928.708;9;; 123.7
1928;1.928.791;10;; 119.4
1928;1.928.874;11;; 116.1
1928;1.928.958;12;; 113.5
1929;1.929.042;1;; 110.2
1929;1.929.123;2;; 107.0
1929;1.929.204;3;; 101.9
1929;1.929.288;4;;  97.5
1929;1.929.371;5;;  99.2
1929;1.929.455;6;; 104.7
1929;1.929.538;7;; 107.9
1929;1.929.623;8;; 106.7
1929;1.929.707;9;; 104.7
1929;1.929.790;10;; 102.7
1929;1.929.874;11;; 100.2
1929;1.929.958;12;;  95.7
1930;1.930.042;1;;  89.3
1930;1.930.123;2;;  83.2
1930;1.930.204;3;;  80.2
1930;1.930.288;4;;  78.6
1930;1.930.371;5;;  74.1
1930;1.930.455;6;;  65.2
1930;1.930.538;7;;  56.0
1930;1.930.623;8;;  52.0
1930;1.930.707;9;;  51.2
1930;1.930.790;10;;  50.4
1930;1.930.874;11;;  49.0
1930;1.930.958;12;;  47.2
1931;1.931.042;1;;  46.0
1931;1.931.123;2;;  44.9
1931;1.931.204;3;;  43.1
1931;1.931.288;4;;  40.5
1931;1.931.371;5;;  37.7
1931;1.931.455;6;;  35.9
1931;1.931.538;7;;  35.2
1931;1.931.623;8;;  32.8
1931;1.931.707;9;;  29.2
1931;1.931.790;10;;  26.5
1931;1.931.874;11;;  24.6
1931;1.931.958;12;;  24.7
1932;1.932.042;1;;  24.6
1932;1.932.124;2;;  23.6
1932;1.932.206;3;;  22.1
1932;1.932.290;4;;  21.0
1932;1.932.373;5;;  20.2
1932;1.932.456;6;;  19.0
1932;1.932.540;7;;  18.6
1932;1.932.624;8;;  19.4
1932;1.932.708;9;;  20.1
1932;1.932.791;10;;  19.5
1932;1.932.874;11;;  17.9
1932;1.932.958;12;;  15.7
1933;1.933.042;1;;  14.0
1933;1.933.123;2;;  13.1
1933;1.933.204;3;;  12.7
1933;1.933.288;4;;  12.4
1933;1.933.371;5;;  11.5
1933;1.933.455;6;;  10.2
1933;1.933.538;7;;   8.8
1933;1.933.623;8;;   7.2
1933;1.933.707;9;;   5.8
1933;1.933.790;10;;   6.0
1933;1.933.874;11;;   7.7
1933;1.933.958;12;;   9.0
1934;1.934.042;1;;   9.5
1934;1.934.123;2;;  10.5
1934;1.934.204;3;;  11.0
1934;1.934.288;4;;  11.1
1934;1.934.371;5;;  11.9
1934;1.934.455;6;;  13.5
1934;1.934.538;7;;  15.6
1934;1.934.623;8;;  17.5
1934;1.934.707;9;;  19.7
1934;1.934.790;10;;  21.1
1934;1.934.874;11;;  21.7
1934;1.934.958;12;;  24.9
1935;1.935.042;1;;  29.3
1935;1.935.123;2;;  32.6
1935;1.935.204;3;;  36.7
1935;1.935.288;4;;  42.7
1935;1.935.371;5;;  49.8
1935;1.935.455;6;;  56.9
1935;1.935.538;7;;  63.1
1935;1.935.623;8;;  69.9
1935;1.935.707;9;;  77.4
1935;1.935.790;10;;  85.5
1935;1.935.874;11;;  91.8
1935;1.935.958;12;;  95.3
1936;1.936.042;1;;  98.3
1936;1.936.124;2;; 103.5
1936;1.936.206;3;; 109.8
1936;1.936.290;4;; 114.7
1936;1.936.373;5;; 120.7
1936;1.936.456;6;; 128.6
1936;1.936.540;7;; 137.7
1936;1.936.624;8;; 146.3
1936;1.936.708;9;; 150.5
1936;1.936.791;10;; 153.4
1936;1.936.874;11;; 160.1
1936;1.936.958;12;; 168.6
1937;1.937.042;1;; 179.2
1937;1.937.123;2;; 189.2
1937;1.937.204;3;; 194.4
1937;1.937.288;4;; 198.6
1937;1.937.371;5;; 198.3
1937;1.937.455;6;; 193.0
1937;1.937.538;7;; 188.3
1937;1.937.623;8;; 185.2
1937;1.937.707;9;; 184.8
1937;1.937.790;10;; 184.4
1937;1.937.874;11;; 184.6
1937;1.937.958;12;; 183.0
1938;1.938.042;1;; 182.2
1938;1.938.123;2;; 182.1
1938;1.938.204;3;; 179.8
1938;1.938.288;4;; 177.2
1938;1.938.371;5;; 178.7
1938;1.938.455;6;; 182.3
1938;1.938.538;7;; 181.4
1938;1.938.623;8;; 177.2
1938;1.938.707;9;; 172.8
1938;1.938.790;10;; 171.8
1938;1.938.874;11;; 171.8
1938;1.938.958;12;; 171.4
1939;1.939.042;1;; 166.9
1939;1.939.123;2;; 161.5
1939;1.939.204;3;; 162.4
1939;1.939.288;4;; 163.3
1939;1.939.371;5;; 158.8
1939;1.939.455;6;; 151.5
1939;1.939.538;7;; 145.9
1939;1.939.623;8;; 142.6
1939;1.939.707;9;; 142.6
1939;1.939.790;10;; 140.6
1939;1.939.874;11;; 132.7
1939;1.939.958;12;; 127.1
1940;1.940.042;1;; 123.8
1940;1.940.124;2;; 121.7
1940;1.940.206;3;; 118.5
1940;1.940.290;4;; 113.0
1940;1.940.373;5;; 110.0
1940;1.940.456;6;; 111.1
1940;1.940.540;7;; 112.6
1940;1.940.624;8;; 111.3
1940;1.940.708;9;; 107.7
1940;1.940.791;10;; 103.2
1940;1.940.874;11;;  99.5
1940;1.940.958;12;;  96.1
1941;1.941.042;1;;  94.4
1941;1.941.123;2;;  91.2
1941;1.941.204;3;;  88.0
1941;1.941.288;4;;  87.3
1941;1.941.371;5;;  85.3
1941;1.941.455;6;;  81.6
1941;1.941.538;7;;  78.5
1941;1.941.623;8;;  78.3
1941;1.941.707;9;;  79.4
1941;1.941.790;10;;  81.9
1941;1.941.874;11;;  83.6
1941;1.941.958;12;;  79.9
1942;1.942.042;1;;  73.1
1942;1.942.123;2;;  67.0
1942;1.942.204;3;;  60.8
1942;1.942.288;4;;  55.5
1942;1.942.371;5;;  53.1
1942;1.942.455;6;;  51.8
1942;1.942.538;7;;  49.4
1942;1.942.623;8;;  46.2
1942;1.942.707;9;;  42.6
1942;1.942.790;10;;  38.4
1942;1.942.874;11;;  35.2
1942;1.942.958;12;;  34.2
1943;1.943.042;1;;  33.6
1943;1.943.123;2;;  33.2
1943;1.943.204;3;;  32.7
1943;1.943.288;4;;  31.4
1943;1.943.371;5;;  29.2
1943;1.943.455;6;;  27.5
1943;1.943.538;7;;  26.6
1943;1.943.623;8;;  24.0
1943;1.943.707;9;;  20.9
1943;1.943.790;10;;  18.0
1943;1.943.874;11;;  15.4
1943;1.943.958;12;;  14.4
1944;1.944.042;1;;  13.6
1944;1.944.124;2;;  12.9
1944;1.944.206;3;;  13.0
1944;1.944.290;4;;  13.9
1944;1.944.373;5;;  14.6
1944;1.944.456;6;;  15.3
1944;1.944.540;7;;  17.0
1944;1.944.624;8;;  18.9
1944;1.944.708;9;;  20.4
1944;1.944.791;10;;  23.4
1944;1.944.874;11;;  27.5
1944;1.944.958;12;;  31.7
1945;1.945.042;1;;  36.4
1945;1.945.123;2;;  39.7
1945;1.945.204;3;;  41.7
1945;1.945.288;4;;  46.8
1945;1.945.371;5;;  52.8
1945;1.945.455;6;;  55.2
1945;1.945.538;7;;  57.1
1945;1.945.623;8;;  64.3
1945;1.945.707;9;;  73.2
1945;1.945.790;10;;  80.1
1945;1.945.874;11;;  86.9
1945;1.945.958;12;;  93.2
1946;1.946.042;1;; 101.0
1946;1.946.123;2;; 111.7
1946;1.946.204;3;; 121.5
1946;1.946.288;4;; 128.0
1946;1.946.371;5;; 135.7
1946;1.946.455;6;; 147.7
1946;1.946.538;7;; 157.7
1946;1.946.623;8;; 163.1
1946;1.946.707;9;; 167.3
1946;1.946.790;10;; 173.3
1946;1.946.874;11;; 182.8
1946;1.946.958;12;; 193.4
1947;1.947.042;1;; 199.2
1947;1.947.123;2;; 204.1
1947;1.947.204;3;; 211.2
1947;1.947.288;4;; 217.2
1947;1.947.371;5;; 218.7
1947;1.947.455;6;; 216.1
1947;1.947.538;7;; 214.1
1947;1.947.623;8;; 210.9
1947;1.947.707;9;; 206.0
1947;1.947.790;10;; 206.3
1947;1.947.874;11;; 207.1
1947;1.947.958;12;; 205.7
1948;1.948.042;1;; 205.0
1948;1.948.124;2;; 202.3
1948;1.948.206;3;; 198.9
1948;1.948.290;4;; 195.7
1948;1.948.373;5;; 192.2
1948;1.948.456;6;; 191.6
1948;1.948.540;7;; 193.5
1948;1.948.624;8;; 199.8
1948;1.948.708;9;; 209.1
1948;1.948.791;10;; 210.3
1948;1.948.874;11;; 203.8
1948;1.948.958;12;; 197.1
1949;1.949.042;1;; 193.4
1949;1.949.123;2;; 190.4
1949;1.949.204;3;; 188.5
1949;1.949.288;4;; 188.4
1949;1.949.371;5;; 190.9
1949;1.949.455;6;; 192.5
1949;1.949.538;7;; 190.3
1949;1.949.623;8;; 184.1
1949;1.949.707;9;; 176.1
1949;1.949.790;10;; 171.4
1949;1.949.874;11;; 169.4
1949;1.949.958;12;; 167.1
1950;1.950.042;1;; 162.8
1950;1.950.123;2;; 158.5
1950;1.950.204;3;; 150.7
1950;1.950.288;4;; 141.0
1950;1.950.371;5;; 131.6
1950;1.950.455;6;; 122.6
1950;1.950.538;7;; 116.4
1950;1.950.623;8;; 111.9
1950;1.950.707;9;; 106.7
1950;1.950.790;10;; 102.3
1950;1.950.874;11;; 101.2
1950;1.950.958;12;; 102.4
1951;1.951.042;1;; 101.6
1951;1.951.123;2;;  98.5
1951;1.951.204;3;;  98.9
1951;1.951.288;4;; 100.2
1951;1.951.371;5;;  99.5
1951;1.951.455;6;;  98.9
1951;1.951.538;7;;  97.3
1951;1.951.623;8;;  94.0
1951;1.951.707;9;;  89.8
1951;1.951.790;10;;  84.0
1951;1.951.874;11;;  75.3
1951;1.951.958;12;;  66.5
1952;1.952.042;1;;  61.5
1952;1.952.124;2;;  59.8
1952;1.952.206;3;;  56.2
1952;1.952.290;4;;  51.4
1952;1.952.373;5;;  48.0
1952;1.952.456;6;;  45.5
1952;1.952.540;7;;  44.0
1952;1.952.624;8;;  42.1
1952;1.952.708;9;;  40.3
1952;1.952.791;10;;  39.5
1952;1.952.874;11;;  38.8
1952;1.952.958;12;;  37.3
1953;1.953.042;1;;  34.6
1953;1.953.123;2;;  31.0
1953;1.953.204;3;;  28.6
1953;1.953.288;4;;  27.2
1953;1.953.371;5;;  25.0
1953;1.953.455;6;;  22.0
1953;1.953.538;7;;  18.5
1953;1.953.623;8;;  16.7
1953;1.953.707;9;;  16.6
1953;1.953.790;10;;  15.1
1953;1.953.874;11;;  12.8
1953;1.953.958;12;;  10.8
1954;1.954.042;1;;   9.3
1954;1.954.123;2;;   8.2
1954;1.954.204;3;;   6.3
1954;1.954.288;4;;   5.1
1954;1.954.371;5;;   5.5
1954;1.954.455;6;;   6.3
1954;1.954.538;7;;   7.9
1954;1.954.623;8;;  10.5
1954;1.954.707;9;;  11.4
1954;1.954.790;10;;  11.6
1954;1.954.874;11;;  13.8
1954;1.954.958;12;;  17.4
1955;1.955.042;1;;  20.5
1955;1.955.123;2;;  23.7
1955;1.955.204;3;;  28.0
1955;1.955.288;4;;  33.5
1955;1.955.371;5;;  41.2
1955;1.955.455;6;;  50.0
1955;1.955.538;7;;  57.0
1955;1.955.623;8;;  66.0
1955;1.955.707;9;;  78.8
1955;1.955.790;10;;  91.3
1955;1.955.874;11;; 103.5
1955;1.955.958;12;; 114.8
1956;1.956.042;1;; 125.8
1956;1.956.124;2;; 139.4
1956;1.956.206;3;; 154.7
1956;1.956.290;4;; 168.1
1956;1.956.373;5;; 180.4
1956;1.956.456;6;; 193.9
1956;1.956.540;7;; 206.1
1956;1.956.624;8;; 211.8
1956;1.956.708;9;; 214.5
1956;1.956.791;10;; 220.6
1956;1.956.874;11;; 226.0
1956;1.956.958;12;; 232.7
1957;1.957.042;1;; 241.1
1957;1.957.123;2;; 243.8
1957;1.957.204;3;; 246.8
1957;1.957.288;4;; 256.3
1957;1.957.371;5;; 262.7
1957;1.957.455;6;; 266.1
1957;1.957.538;7;; 271.1
1957;1.957.623;8;; 275.3
1957;1.957.707;9;; 279.3
1957;1.957.790;10;; 282.5
1957;1.957.874;11;; 284.4
1957;1.957.958;12;; 283.3
1958;1.958.042;1;; 281.8
1958;1.958.123;2;; 284.5
1958;1.958.204;3;; 285.0
1958;1.958.288;4;; 278.7
1958;1.958.371;5;; 271.0
1958;1.958.455;6;; 264.5
1958;1.958.538;7;; 262.3
1958;1.958.623;8;; 261.9
1958;1.958.707;9;; 260.3
1958;1.958.790;10;; 258.1
1958;1.958.874;11;; 255.9
1958;1.958.958;12;; 255.6
1959;1.959.042;1;; 252.9
1959;1.959.123;2;; 250.4
1959;1.959.204;3;; 247.1
1959;1.959.288;4;; 239.7
1959;1.959.371;5;; 233.9
1959;1.959.455;6;; 228.5
1959;1.959.538;7;; 220.6
1959;1.959.623;8;; 214.2
1959;1.959.707;9;; 207.1
1959;1.959.790;10;; 199.7
1959;1.959.874;11;; 194.2
1959;1.959.958;12;; 187.6
1960;1.960.042;1;; 182.5
1960;1.960.124;2;; 177.0
1960;1.960.206;3;; 172.1
1960;1.960.290;4;; 169.4
1960;1.960.373;5;; 165.7
1960;1.960.456;6;; 161.3
1960;1.960.540;7;; 153.8
1960;1.960.624;8;; 145.0
1960;1.960.708;9;; 138.6
1960;1.960.791;10;; 132.1
1960;1.960.874;11;; 124.5
1960;1.960.958;12;; 118.5
1961;1.961.042;1;; 113.6
1961;1.961.123;2;; 105.9
1961;1.961.204;3;;  97.5
1961;1.961.288;4;;  91.1
1961;1.961.371;5;;  85.1
1961;1.961.455;6;;  79.1
1961;1.961.538;7;;  75.3
1961;1.961.623;8;;  74.4
1961;1.961.707;9;;  74.3
1961;1.961.790;10;;  73.0
1961;1.961.874;11;;  71.7
1961;1.961.958;12;;  69.1
1962;1.962.042;1;;  64.2
1962;1.962.123;2;;  59.4
1962;1.962.204;3;;  56.7
1962;1.962.288;4;;  56.1
1962;1.962.371;5;;  55.9
1962;1.962.455;6;;  54.6
1962;1.962.538;7;;  52.5
1962;1.962.623;8;;  49.8
1962;1.962.707;9;;  46.7
1962;1.962.790;10;;  44.0
1962;1.962.874;11;;  42.9
1962;1.962.958;12;;  42.6
1963;1.963.042;1;;  42.1
1963;1.963.123;2;;  42.6
1963;1.963.204;3;;  42.6
1963;1.963.288;4;;  41.6
1963;1.963.371;5;;  41.1
1963;1.963.455;6;;  40.4
1963;1.963.538;7;;  39.7
1963;1.963.623;8;;  39.0
1963;1.963.707;9;;  38.6
1963;1.963.790;10;;  37.4
1963;1.963.874;11;;  34.2
1963;1.963.958;12;;  30.7
1964;1.964.042;1;;  28.1
1964;1.964.124;2;;  25.7
1964;1.964.206;3;;  22.3
1964;1.964.290;4;;  18.6
1964;1.964.373;5;;  16.0
1964;1.964.456;6;;  15.0
1964;1.964.540;7;;  15.2
1964;1.964.624;8;;  15.1
1964;1.964.708;9;;  14.6
1964;1.964.791;10;;  14.3
1964;1.964.874;11;;  15.0
1964;1.964.958;12;;  16.2
1965;1.965.042;1;;  17.2
1965;1.965.123;2;;  17.7
1965;1.965.204;3;;  18.4
1965;1.965.288;4;;  19.9
1965;1.965.371;5;;  21.2
1965;1.965.455;6;;  21.8
1965;1.965.538;7;;  22.6
1965;1.965.623;8;;  23.8
1965;1.965.707;9;;  25.2
1965;1.965.790;10;;  28.4
1965;1.965.874;11;;  32.1
1965;1.965.958;12;;  35.2
1966;1.966.042;1;;  39.7
1966;1.966.123;2;;  44.8
1966;1.966.204;3;;  49.2
1966;1.966.288;4;;  53.3
1966;1.966.371;5;;  57.9
1966;1.966.455;6;;  63.4
1966;1.966.538;7;;  71.4
1966;1.966.623;8;;  80.3
1966;1.966.707;9;;  89.5
1966;1.966.790;10;;  95.8
1966;1.966.874;11;;  99.4
1966;1.966.958;12;; 103.0
1967;1.967.042;1;; 106.2
1967;1.967.123;2;; 111.6
1967;1.967.204;3;; 116.5
1967;1.967.288;4;; 119.8
1967;1.967.371;5;; 123.9
1967;1.967.455;6;; 129.4
1967;1.967.538;7;; 133.3
1967;1.967.623;8;; 135.0
1967;1.967.707;9;; 134.9
1967;1.967.790;10;; 134.5
1967;1.967.874;11;; 137.6
1967;1.967.958;12;; 142.5
1968;1.968.042;1;; 145.3
1968;1.968.124;2;; 145.7
1968;1.968.206;3;; 148.2
1968;1.968.290;4;; 151.8
1968;1.968.373;5;; 152.4
1968;1.968.456;6;; 150.9
1968;1.968.540;7;; 148.9
1968;1.968.624;8;; 148.4
1968;1.968.708;9;; 151.5
1968;1.968.791;10;; 155.5
1968;1.968.874;11;; 156.6
1968;1.968.958;12;; 156.0
1969;1.969.042;1;; 155.7
1969;1.969.123;2;; 155.1
1969;1.969.204;3;; 152.9
1969;1.969.288;4;; 150.7
1969;1.969.371;5;; 150.4
1969;1.969.455;6;; 150.1
1969;1.969.538;7;; 149.9
1969;1.969.623;8;; 150.7
1969;1.969.707;9;; 149.2
1969;1.969.790;10;; 147.4
1969;1.969.874;11;; 148.0
1969;1.969.958;12;; 148.5
1970;1.970.042;1;; 149.5
1970;1.970.123;2;; 150.1
1970;1.970.204;3;; 150.3
1970;1.970.288;4;; 150.3
1970;1.970.371;5;; 149.8
1970;1.970.455;6;; 149.1
1970;1.970.538;7;; 147.0
1970;1.970.623;8;; 143.0
1970;1.970.707;9;; 137.6
1970;1.970.790;10;; 132.9
1970;1.970.874;11;; 126.5
1970;1.970.958;12;; 119.0
1971;1.971.042;1;; 113.8
1971;1.971.123;2;; 110.1
1971;1.971.204;3;; 105.3
1971;1.971.288;4;; 100.4
1971;1.971.371;5;;  96.5
1971;1.971.455;6;;  94.5
1971;1.971.538;7;;  92.7
1971;1.971.623;8;;  91.5
1971;1.971.707;9;;  93.2
1971;1.971.790;10;;  93.8
1971;1.971.874;11;;  94.7
1971;1.971.958;12;;  98.3
1972;1.972.042;1;; 100.3
1972;1.972.124;2;; 100.9
1972;1.972.206;3;; 102.6
1972;1.972.290;4;; 104.0
1972;1.972.373;5;; 103.3
1972;1.972.456;6;;  99.9
1972;1.972.540;7;;  96.6
1972;1.972.624;8;;  92.9
1972;1.972.708;9;;  88.2
1972;1.972.791;10;;  85.9
1972;1.972.874;11;;  83.3
1972;1.972.958;12;;  78.2
1973;1.973.042;1;;  72.3
1973;1.973.123;2;;  66.1
1973;1.973.204;3;;  62.8
1973;1.973.288;4;;  60.8
1973;1.973.371;5;;  57.9
1973;1.973.455;6;;  55.6
1973;1.973.538;7;;  53.4
1973;1.973.623;8;;  51.4
1973;1.973.707;9;;  49.0
1973;1.973.790;10;;  46.6
1973;1.973.874;11;;  45.4
1973;1.973.958;12;;  45.0
1974;1.974.042;1;;  46.8
1974;1.974.123;2;;  49.1
1974;1.974.204;3;;  48.5
1974;1.974.288;4;;  48.3
1974;1.974.371;5;;  49.4
1974;1.974.455;6;;  49.3
1974;1.974.538;7;;  48.6
1974;1.974.623;8;;  47.3
1974;1.974.707;9;;  45.8
1974;1.974.790;10;;  43.2
1974;1.974.874;11;;  39.3
1974;1.974.958;12;;  36.1
1975;1.975.042;1;;  33.0
1975;1.975.123;2;;  31.8
1975;1.975.204;3;;  30.6
1975;1.975.288;4;;  26.8
1975;1.975.371;5;;  24.2
1975;1.975.455;6;;  23.2
1975;1.975.538;7;;  21.8
1975;1.975.623;8;;  20.7
1975;1.975.707;9;;  20.9
1975;1.975.790;10;;  22.3
1975;1.975.874;11;;  23.3
1975;1.975.958;12;;  23.6
1976;1.976.042;1;;  22.1
1976;1.976.124;2;;  19.2
1976;1.976.206;3;;  17.8
1976;1.976.290;4;;  18.4
1976;1.976.373;5;;  18.3
1976;1.976.456;6;;  17.9
1976;1.976.540;7;;  18.8
1976;1.976.624;8;;  20.5
1976;1.976.708;9;;  20.8
1976;1.976.791;10;;  19.7
1976;1.976.874;11;;  19.7
1976;1.976.958;12;;  21.6
1977;1.977.042;1;;  24.3
1977;1.977.123;2;;  26.3
1977;1.977.204;3;;  28.8
1977;1.977.288;4;;  31.9
1977;1.977.371;5;;  34.7
1977;1.977.455;6;;  37.7
1977;1.977.538;7;;  41.4
1977;1.977.623;8;;  47.6
1977;1.977.707;9;;  55.8
1977;1.977.790;10;;  64.8
1977;1.977.874;11;;  73.7
1977;1.977.958;12;;  80.7
1978;1.978.042;1;;  86.9
1978;1.978.123;2;;  91.5
1978;1.978.204;3;;  98.7
1978;1.978.288;4;; 109.0
1978;1.978.371;5;; 117.8
1978;1.978.455;6;; 126.6
1978;1.978.538;7;; 138.0
1978;1.978.623;8;; 147.3
1978;1.978.707;9;; 153.6
1978;1.978.790;10;; 157.3
1978;1.978.874;11;; 160.4
1978;1.978.958;12;; 166.7
1979;1.979.042;1;; 175.2
1979;1.979.123;2;; 185.4
1979;1.979.204;3;; 193.3
1979;1.979.288;4;; 199.9
1979;1.979.371;5;; 208.5
1979;1.979.455;6;; 216.7
1979;1.979.538;7;; 219.5
1979;1.979.623;8;; 220.1
1979;1.979.707;9;; 220.4
1979;1.979.790;10;; 223.4
1979;1.979.874;11;; 229.8
1979;1.979.958;12;; 232.9
1980;1.980.042;1;; 232.0
1980;1.980.124;2;; 230.2
1980;1.980.206;3;; 227.9
1980;1.980.290;4;; 224.6
1980;1.980.373;5;; 221.3
1980;1.980.456;6;; 219.1
1980;1.980.540;7;; 216.1
1980;1.980.624;8;; 212.0
1980;1.980.708;9;; 211.5
1980;1.980.791;10;; 211.9
1980;1.980.874;11;; 209.1
1980;1.980.958;12;; 202.8
1981;1.981.042;1;; 199.6
1981;1.981.123;2;; 202.2
1981;1.981.204;3;; 205.4
1981;1.981.288;4;; 205.7
1981;1.981.371;5;; 204.1
1981;1.981.455;6;; 200.9
1981;1.981.538;7;; 198.5
1981;1.981.623;8;; 199.9
1981;1.981.707;9;; 202.7
1981;1.981.790;10;; 201.4
1981;1.981.874;11;; 196.0
1981;1.981.958;12;; 194.1
1982;1.982.042;1;; 192.7
1982;1.982.123;2;; 186.6
1982;1.982.204;3;; 180.0
1982;1.982.288;4;; 173.4
1982;1.982.371;5;; 167.5
1982;1.982.455;6;; 164.0
1982;1.982.538;7;; 161.5
1982;1.982.623;8;; 153.5
1982;1.982.707;9;; 141.4
1982;1.982.790;10;; 133.3
1982;1.982.874;11;; 131.3
1982;1.982.958;12;; 130.5
1983;1.983.042;1;; 127.9
1983;1.983.123;2;; 123.9
1983;1.983.204;3;; 117.1
1983;1.983.288;4;; 110.5
1983;1.983.371;5;; 104.5
1983;1.983.455;6;;  95.9
1983;1.983.538;7;;  89.1
1983;1.983.623;8;;  88.9
1983;1.983.707;9;;  91.7
1983;1.983.790;10;;  92.0
1983;1.983.874;11;;  89.7
1983;1.983.958;12;;  85.5
1984;1.984.042;1;;  80.5
1984;1.984.124;2;;  75.8
1984;1.984.206;3;;  71.2
1984;1.984.290;4;;  66.8
1984;1.984.373;5;;  63.5
1984;1.984.456;6;;  61.7
1984;1.984.540;7;;  58.3
1984;1.984.624;8;;  52.2
1984;1.984.708;9;;  44.3
1984;1.984.791;10;;  37.2
1984;1.984.874;11;;  31.6
1984;1.984.958;12;;  27.4
1985;1.985.042;1;;  25.2
1985;1.985.123;2;;  23.5
1985;1.985.204;3;;  21.7
1985;1.985.288;4;;  21.3
1985;1.985.371;5;;  21.4
1985;1.985.455;6;;  20.8
1985;1.985.538;7;;  19.9
1985;1.985.623;8;;  19.6
1985;1.985.707;9;;  19.8
1985;1.985.790;10;;  19.7
1985;1.985.874;11;;  19.1
1985;1.985.958;12;;  17.3
1986;1.986.042;1;;  15.2
1986;1.986.123;2;;  14.3
1986;1.986.204;3;;  14.3
1986;1.986.288;4;;  15.1
1986;1.986.371;5;;  15.8
1986;1.986.455;6;;  15.2
1986;1.986.538;7;;  15.1
1986;1.986.623;8;;  14.4
1986;1.986.707;9;;  13.5
1986;1.986.790;10;;  14.7
1986;1.986.874;11;;  16.6
1986;1.986.958;12;;  18.3
1987;1.987.042;1;;  19.9
1987;1.987.123;2;;  22.3
1987;1.987.204;3;;  25.5
1987;1.987.288;4;;  28.0
1987;1.987.371;5;;  30.3
1987;1.987.455;6;;  32.7
1987;1.987.538;7;;  36.2
1987;1.987.623;8;;  40.5
1987;1.987.707;9;;  45.3
1987;1.987.790;10;;  51.0
1987;1.987.874;11;;  55.1
1987;1.987.958;12;;  60.9
1988;1.988.042;1;;  69.2
1988;1.988.124;2;;  76.9
1988;1.988.206;3;;  84.9
1988;1.988.290;4;;  93.0
1988;1.988.373;5;; 101.4
1988;1.988.456;6;; 114.3
1988;1.988.540;7;; 128.5
1988;1.988.624;8;; 141.1
1988;1.988.708;9;; 151.2
1988;1.988.791;10;; 156.9
1988;1.988.874;11;; 164.4
1988;1.988.958;12;; 176.1
1989;1.989.042;1;; 184.8
1989;1.989.123;2;; 190.7
1989;1.989.204;3;; 198.0
1989;1.989.288;4;; 203.8
1989;1.989.371;5;; 209.5
1989;1.989.455;6;; 212.1
1989;1.989.538;7;; 212.0
1989;1.989.623;8;; 211.1
1989;1.989.707;9;; 210.5
1989;1.989.790;10;; 212.4
1989;1.989.874;11;; 212.5
1989;1.989.958;12;; 206.2
1990;1.990.042;1;; 201.2
1990;1.990.123;2;; 202.4
1990;1.990.204;3;; 200.9
1990;1.990.288;4;; 198.1
1990;1.990.371;5;; 195.1
1990;1.990.455;6;; 192.0
1990;1.990.538;7;; 190.1
1990;1.990.623;8;; 191.6
1990;1.990.707;9;; 194.6
1990;1.990.790;10;; 195.2
1990;1.990.874;11;; 195.2
1990;1.990.958;12;; 197.8
1991;1.991.042;1;; 202.8
1991;1.991.123;2;; 204.4
1991;1.991.204;3;; 203.9
1991;1.991.288;4;; 203.8
1991;1.991.371;5;; 202.9
1991;1.991.455;6;; 202.8
1991;1.991.538;7;; 203.5
1991;1.991.623;8;; 203.3
1991;1.991.707;9;; 200.9
1991;1.991.790;10;; 196.7
1991;1.991.874;11;; 191.4
1991;1.991.958;12;; 183.1
1992;1.992.042;1;; 172.6
1992;1.992.124;2;; 161.1
1992;1.992.206;3;; 151.8
1992;1.992.290;4;; 146.0
1992;1.992.373;5;; 142.1
1992;1.992.456;6;; 137.1
1992;1.992.540;7;; 128.5
1992;1.992.624;8;; 119.3
1992;1.992.708;9;; 113.0
1992;1.992.791;10;; 109.0
1992;1.992.874;11;; 106.3
1992;1.992.958;12;; 104.5
1993;1.993.042;1;; 101.9
1993;1.993.123;2;;  99.3
1993;1.993.204;3;;  95.4
1993;1.993.288;4;;  90.2
1993;1.993.371;5;;  84.2
1993;1.993.455;6;;  78.6
1993;1.993.538;7;;  76.5
1993;1.993.623;8;;  73.6
1993;1.993.707;9;;  68.3
1993;1.993.790;10;;  63.2
1993;1.993.874;11;;  58.4
1993;1.993.958;12;;  55.1
1994;1.994.042;1;;  52.6
1994;1.994.123;2;;  50.2
1994;1.994.204;3;;  49.4
1994;1.994.288;4;;  49.6
1994;1.994.371;5;;  48.7
1994;1.994.455;6;;  46.4
1994;1.994.538;7;;  42.7
1994;1.994.623;8;;  40.1
1994;1.994.707;9;;  39.7
1994;1.994.790;10;;  39.4
1994;1.994.874;11;;  38.7
1994;1.994.958;12;;  37.6
1995;1.995.042;1;;  35.6
1995;1.995.123;2;;  33.7
1995;1.995.204;3;;  32.0
1995;1.995.288;4;;  29.4
1995;1.995.371;5;;  27.3
1995;1.995.455;6;;  25.9
1995;1.995.538;7;;  24.4
1995;1.995.623;8;;  22.0
1995;1.995.707;9;;  19.0
1995;1.995.790;10;;  17.0
1995;1.995.874;11;;  15.9
1995;1.995.958;12;;  15.1
1996;1.996.042;1;;  14.5
1996;1.996.124;2;;  14.2
1996;1.996.206;3;;  13.7
1996;1.996.290;4;;  12.0
1996;1.996.373;5;;  11.2
1996;1.996.456;6;;  11.6
1996;1.996.540;7;;  11.3
1996;1.996.624;8;;  11.2
1996;1.996.708;9;;  11.3
1996;1.996.791;10;;  12.0
1996;1.996.874;11;;  13.4
1996;1.996.958;12;;  14.3
1997;1.997.042;1;;  14.5
1997;1.997.123;2;;  15.2
1997;1.997.204;3;;  18.3
1997;1.997.288;4;;  22.0
1997;1.997.371;5;;  24.4
1997;1.997.455;6;;  27.2
1997;1.997.538;7;;  30.4
1997;1.997.623;8;;  33.6
1997;1.997.707;9;;  38.2
1997;1.997.790;10;;  43.1
1997;1.997.874;11;;  47.1
1997;1.997.958;12;;  52.0
1998;1.998.042;1;;  58.4
1998;1.998.123;2;;  65.4
1998;1.998.204;3;;  72.0
1998;1.998.288;4;;  76.9
1998;1.998.371;5;;  80.8
1998;1.998.455;6;;  85.4
1998;1.998.538;7;;  89.8
1998;1.998.623;8;;  93.5
1998;1.998.707;9;;  96.4
1998;1.998.790;10;;  98.2
1998;1.998.874;11;; 102.3
1998;1.998.958;12;; 110.4
1999;1.999.042;1;; 118.4
1999;1.999.123;2;; 122.5
1999;1.999.204;3;; 122.3
1999;1.999.288;4;; 125.0
1999;1.999.371;5;; 132.6
1999;1.999.455;6;; 136.3
1999;1.999.538;7;; 138.1
1999;1.999.623;8;; 142.9
1999;1.999.707;9;; 150.5
1999;1.999.790;10;; 159.3
1999;1.999.874;11;; 164.1
1999;1.999.958;12;; 164.0
2000;2.000.042;1;; 166.1
2000;2.000.124;2;; 170.6
2000;2.000.206;3;; 174.3
2000;2.000.290;4;; 175.2
2000;2.000.373;5;; 172.9
2000;2.000.456;6;; 172.7
2000;2.000.540;7;; 174.2
2000;2.000.624;8;; 172.8
2000;2.000.708;9;; 168.8
2000;2.000.791;10;; 165.3
2000;2.000.874;11;; 163.1
2000;2.000.958;12;; 162.7
2001;2.001.042;1;; 158.3
2001;2.001.123;2;; 152.5
2001;2.001.204;3;; 155.1
2001;2.001.288;4;; 160.7
2001;2.001.371;5;; 163.7
2001;2.001.455;6;; 167.4
2001;2.001.538;7;; 172.0
2001;2.001.623;8;; 175.8
2001;2.001.707;9;; 177.1
2001;2.001.790;10;; 177.3
2001;2.001.874;11;; 180.3
2001;2.001.958;12;; 179.1
2002;2.002.042;1;; 177.6
2002;2.002.123;2;; 179.7
2002;2.002.204;3;; 178.2
2002;2.002.288;4;; 174.4
2002;2.002.371;5;; 171.3
2002;2.002.455;6;; 166.9
2002;2.002.538;7;; 161.5
2002;2.002.623;8;; 155.4
2002;2.002.707;9;; 149.5
2002;2.002.790;10;; 143.9
2002;2.002.874;11;; 136.0
2002;2.002.958;12;; 131.4
2003;2.003.042;1;; 129.6
2003;2.003.123;2;; 125.7
2003;2.003.204;3;; 118.7
2003;2.003.288;4;; 111.9
2003;2.003.371;5;; 107.0
2003;2.003.455;6;; 101.7
2003;2.003.538;7;;  96.0
2003;2.003.623;8;;  92.9
2003;2.003.707;9;;  91.8
2003;2.003.790;10;;  89.1
2003;2.003.874;11;;  86.9
2003;2.003.958;12;;  84.1
2004;2.004.042;1;;  80.1
2004;2.004.124;2;;  76.4
2004;2.004.206;3;;  73.2
2004;2.004.290;4;;  71.0
2004;2.004.373;5;;  69.5
2004;2.004.456;6;;  67.1
2004;2.004.540;7;;  64.8
2004;2.004.624;8;;  63.0
2004;2.004.708;9;;  60.2
2004;2.004.791;10;;  57.9
2004;2.004.874;11;;  56.6
2004;2.004.958;12;;  55.7
2005;2.005.042;1;;  54.5
2005;2.005.123;2;;  53.2
2005;2.005.204;3;;  52.3
2005;2.005.288;4;;  49.3
2005;2.005.371;5;;  45.0
2005;2.005.455;6;;  44.5
2005;2.005.538;7;;  44.6
2005;2.005.623;8;;  41.9
2005;2.005.707;9;;  39.4
2005;2.005.790;10;;  38.9
2005;2.005.874;11;;  38.4
2005;2.005.958;12;;  36.0
2006;2.006.042;1;;  33.0
2006;2.006.123;2;;  29.7
2006;2.006.204;3;;  27.4
2006;2.006.288;4;;  27.0
2006;2.006.371;5;;  27.4
2006;2.006.455;6;;  26.2
2006;2.006.538;7;;  25.0
2006;2.006.623;8;;  25.9
2006;2.006.707;9;;  26.0
2006;2.006.790;10;;  23.7
2006;2.006.874;11;;  21.1
2006;2.006.958;12;;  20.2
2007;2.007.042;1;;  19.8
2007;2.007.123;2;;  19.0
2007;2.007.204;3;;  17.7
2007;2.007.288;4;;  16.4
2007;2.007.371;5;;  14.4
2007;2.007.455;6;;  12.8
2007;2.007.538;7;;  11.6
2007;2.007.623;8;;   9.9
2007;2.007.707;9;;   9.6
2007;2.007.790;10;;   9.9
2007;2.007.874;11;;   9.2
2007;2.007.958;12;;   7.9
2008;2.008.042;1;;   6.6
2008;2.008.124;2;;   5.6
2008;2.008.206;3;;   5.1
2008;2.008.290;4;;   5.1
2008;2.008.373;5;;   5.4
2008;2.008.456;6;;   4.8
2008;2.008.540;7;;   4.0
2008;2.008.624;8;;   3.8
2008;2.008.708;9;;   3.2
2008;2.008.791;10;;   2.4
2008;2.008.874;11;;   2.3
2008;2.008.958;12;;   2.2
2009;2.009.042;1;;   2.5
2009;2.009.123;2;;   2.7
2009;2.009.204;3;;   2.9
2009;2.009.288;4;;   3.3
2009;2.009.371;5;;   3.5
2009;2.009.455;6;;   4.1
2009;2.009.538;7;;   5.5
2009;2.009.623;8;;   7.4
2009;2.009.707;9;;   9.5
2009;2.009.790;10;;  10.9
2009;2.009.874;11;;  11.7
2009;2.009.958;12;;  12.7
2010;2.010.042;1;;  14.0
2010;2.010.123;2;;  16.1
2010;2.010.204;3;;  18.5
2010;2.010.288;4;;  20.8
2010;2.010.371;5;;  23.1
2010;2.010.455;6;;  24.6
2010;2.010.538;7;;  25.2
2010;2.010.623;8;;  26.4
2010;2.010.707;9;;  29.5
2010;2.010.790;10;;  34.5
2010;2.010.874;11;;  39.1
2010;2.010.958;12;;  42.5
2011;2.011.042;1;;  45.7
2011;2.011.123;2;;  48.8
2011;2.011.204;3;;  53.8
2011;2.011.288;4;;  61.1
2011;2.011.371;5;;  69.3
2011;2.011.455;6;;  77.2
2011;2.011.538;7;;  83.6
2011;2.011.623;8;;  86.3
2011;2.011.707;9;;  86.6
2011;2.011.790;10;;  87.4
2011;2.011.874;11;;  89.4
2011;2.011.958;12;;  92.5
2012;2.012.042;1;;  95.5
2012;2.012.124;2;;  98.1
2012;2.012.206;3;;  98.3
2012;2.012.290;4;;  95.1
2012;2.012.373;5;;  90.9
2012;2.012.456;6;;  86.6
2012;2.012.540;7;;  84.5
2012;2.012.624;8;;  85.1
2012;2.012.708;9;;  85.3
2012;2.012.791;10;;  85.8
2012;2.012.874;11;;  87.7
2012;2.012.958;12;;  88.1
2013;2.013.042;1;;  86.8
2013;2.013.123;2;;  86.1
2013;2.013.204;3;;  84.4
2013;2.013.288;4;;  84.3
2013;2.013.371;5;;  87.0
2013;2.013.455;6;;  90.9
2013;2.013.538;7;;  94.6
2013;2.013.623;8;;  99.0
2013;2.013.707;9;; 104.6
2013;2.013.790;10;; 107.0
2013;2.013.874;11;; 106.9
2013;2.013.958;12;; 107.6
2014;2.014.042;1;; 109.3
2014;2.014.123;2;; 110.5
2014;2.014.204;3;; 114.3
2014;2.014.288;4;; 116.4
2014;2.014.371;5;; 115.0
2014;2.014.455;6;; 114.1
2014;2.014.538;7;; 112.6
2014;2.014.623;8;; 108.3
2014;2.014.707;9;; 101.9
2014;2.014.790;10;;  97.3
2014;2.014.874;11;;  94.7
2014;2.014.958;12;;  92.2
2015;2.015.042;1;;  89.3
2015;2.015.123;2;;  86.1
2015;2.015.204;3;;  82.1
2015;2.015.288;4;;  78.9
2015;2.015.371;5;;  76.1
2015;2.015.455;6;;  72.1
2015;2.015.538;7;;  68.3
2015;2.015.623;8;;  66.4
2015;2.015.707;9;;  65.9
2015;2.015.790;10;;  64.3
2015;2.015.874;11;;  61.2
2015;2.015.958;12;;  57.8
2016;2.016.042;1;;  54.4
2016;2.016.124;2;;  52.5
2016;2.016.206;3;;  50.4
2016;2.016.288;4;;  47.8
2016;2.016.373;5;;  44.8
2016;2.016.455;6;;  41.5
2016;2.016.540;7;;  38.5
2016;2.016.624;8;;  36.0
2016;2.016.706;9;;  33.2
2016;2.016.791;10;;  31.5
2016;2.016.873;11;;  29.9
2016;2.016.958;12;;  28.5
2017;2.017.042;1;;  27.8
2017;2.017.122;2;;  26.5
2017;2.017.204;3;;  25.7
2017;2.017.286;4;;  24.8
2017;2.017.371;5;;  23.3
2017;2.017.453;6;;  22.2
2017;2.017.538;7;;  21.0
2017;2.017.623;8;;  19.6
2017;2.017.705;9;;  18.3
2017;2.017.790;10;;  16.7
2017;2.017.873;11;;  15.4
2017;2.017.958;12;;  15.1
2018;2.018.042;1;;  14.2
2018;2.018.122;2;;  12.6
2018;2.018.204;3;;   9.9
2018;2.018.286;4;;   7.8
2018;2.018.371;5;;   7.5
2018;2.018.453;6;;   7.2
2018;2.018.538;7;;   7.0
2018;2.018.623;8;;   6.7
2018;2.018.705;9;;   6.5
2018;2.018.790;10;;   6.8
2018;2.018.873;11;;   6.7
2018;2.018.958;12;;   6.0
2019;2.019.042;1;;   5.4
2019;2.019.122;2;;   5.0
2019;2.019.204;3;;   4.6
2019;2.019.286;4;;   4.3
2019;2.019.371;5;;   3.9
2019;2.019.453;6;;   3.7
2019;2.019.538;7;;   3.5
2019;2.019.623;8;;   3.4
2019;2.019.705;9;;   3.1
2019;2.019.790;10;;   2.6
2019;2.019.873;11;;   2.0
2019;2.019.958;12;;   1.8
2020;2.020.042;1;;   2.2
2020;2.020.124;2;;   2.7
2020;2.020.206;3;;   3.0
2020;2.020.288;4;;   3.6
2020;2.020.373;5;;   5.6
2020;2.020.455;6;;   7.9
2020;2.020.540;7;;   9.0
2020;2.020.624;8;;   9.5
2020;2.020.706;9;;  10.5
2020;2.020.791;10;;  11.9
2020;2.020.873;11;;  13.6
2020;2.020.958;12;;  15.3
2021;2.021.042;1;;  17.3
2021;2.021.122;2;;  19.0
2021;2.021.204;3;;  21.7
2021;2.021.286;4;;  24.8
2021;2.021.371;5;;  25.8
2021;2.021.453;6;;  27.6
2021;2.021.538;7;;  31.4
2021;2.021.623;8;;  35.4
2021;2.021.705;9;;  40.2
2021;2.021.790;10;;  45.2
2021;2.021.873;11;;  50.8
2021;2.021.958;12;;  55.9
2022;2.022.042;1;;  60.1
2022;2.022.122;2;;  64.7
2022;2.022.204;3;;  68.7
2022;2.022.286;4;;  73.0
2022;2.022.371;5;;  77.4
2022;2.022.453;6;;  81.1
2022;2.022.538;7;;  86.7
2022;2.022.623;8;;  92.6
2022;2.022.705;9;;  96.5
2022;2.022.790;10;;  98.9
2022;2.022.873;11;; 101.2
2022;2.022.958;12;; 106.7
2023;2.023.042;1;; 113.3
2023;2.023.122;2;; 117.8
2023;2.023.204;3;; 121.1
2023;2.023.286;4;; 122.9
2023;2.023.371;5;; 124.2
2023;2.023.453;6;; 125.3
2023;2.023.538;7;; 124.6
2023;2.023.623;8;; 124.3
2023;2.023.705;9;; 124.0
2023;2.023.790;10;; 124.8
2023;2.023.873;11;; 127.9
2023;2.023.958;12;; 129.5
2024;2.024.042;1;; 131.2
2024;2.024.124;2;; 136.9
2024;2.024.206;3;; 141.4
2024;2.024.288;4;; 144.4
2024;2.024.373;5;; 149.1
2024;2.024.455;6;; 152.8
2024;2.024.540;7;; 155.0
2024;2.024.624;8;; 156.8
2024;2.024.706;9;; 159.4
2024;2.024.791;10;; 160.9
2024;2.024.873;11;; 157.2
2024;2.024.958;12;; 151.2
2025;2.025.042;1;; 146.2
2025;2.025.122;2;; 139.8
2025;2.025.204;3;; 135.9
2025;2.025.286;4;; 133.3
2025;2.025.371;5;; 128.5
